volunteer_id,year,college_code,college_name,major_name,history_college_name,history_major_name,history_lowest_score,history_lowest_rank,history_source_page,match_level
0001-034,2024,0001,浙江大学(“双一流”建设高校),机器人工程,浙江大学,机器人工程(荣誉项目班),700,259.0,12,base
0001-034,2025,0001,浙江大学(“双一流”建设高校),机器人工程,浙江大学,机器人工程(荣誉项目班),692,394.0,12,base
0004-045,2023,0004,浙江师范大学(省重点建设高校),生物科学(师范),浙江师范大学,生物科学(初阳学院),637,20809.0,13,base
0008-022,2023,0008,浙江理工大学(省重点建设高校),国际经济与贸易(跨境电商与金融),浙江理工大学,国际经济与贸易(英文授课班),598,54130.0,15,base
0008-022,2024,0008,浙江理工大学(省重点建设高校),国际经济与贸易(跨境电商与金融),浙江理工大学,国际经济与贸易(英文授课班),607,46155.0,15,base
0008-022,2025,0008,浙江理工大学(省重点建设高校),国际经济与贸易(跨境电商与金融),浙江理工大学,国际经济与贸易(英文授课班),604,47841.0,15,base
0008-030,2025,0008,浙江理工大学(省重点建设高校),机械设计制造及其自动化,浙江理工大学,自动化,608,43036.0,15,contains_unique
0009-042,2023,0009,温州医科大学(省重点建设高校),中药学,温州医科大学,药学(生物药学创新实验班),619,34230.0,16,contains_unique
0013-031,2023,0013,中国计量大学(省市共建重点高校),质量管理工程,中国计量大学,质量管理工程(卓越工程师),594,58441.0,18,base
0015-046,2023,0015,浙江科技大学,工商管理类(中德联合培养),浙江科技学院,工商管理类,567,87940.0,19,base
0015-046,2024,0015,浙江科技大学,工商管理类(中德联合培养),浙江科技大学,工商管理类,586,68663.0,19,base
0020-010,2025,0020,杭州师范大学(省重点建设高校),小学教育(师范),杭州师范大学,小学教育(经亨颐实验班)(师范),620,31899.0,22,base
0020-011,2025,0020,杭州师范大学(省重点建设高校),学前教育(师范),杭州师范大学,学前教育(经亨颐实验班)(师范),605,46652.0,22,base
0020-012,2025,0020,杭州师范大学(省重点建设高校),特殊教育(师范),杭州师范大学,特殊教育(经亨颐实验班)(师范),612,39161.0,22,base
0020-014,2025,0020,杭州师范大学(省重点建设高校),教育技术学(师范),杭州师范大学,教育技术学(经亨颐实验班)(师范),595,57221.0,22,base
0020-022,2023,0020,杭州师范大学(省重点建设高校),数学与应用数学(师范),杭州师范大学,数学与应用数学(经亨颐实验班)(师范),622,31492.0,22,base
0020-022,2024,0020,杭州师范大学(省重点建设高校),数学与应用数学(师范),杭州师范大学,数学与应用数学(经亨颐实验班)(师范),600,53053.0,22,base
0020-022,2025,0020,杭州师范大学(省重点建设高校),数学与应用数学(师范),杭州师范大学,数学与应用数学(经亨颐实验班)(师范),597,54882.0,22,base
0020-028,2024,0020,杭州师范大学(省重点建设高校),高分子材料与工程,杭州师范大学,高分子材料与工程(中外合作办学),560,98609.0,22,base
0021-039,2023,0021,湖州师范大学,生物科学,湖州师范学院,生物科学(师范),588,65431.0,23,base
0021-039,2024,0021,湖州师范大学,生物科学,湖州师范学院,生物科学(师范),490,179697.0,23,base
0021-039,2025,0021,湖州师范大学,生物科学,湖州师范学院,生物科学(师范),550,111781.0,23,base
0022-032,2023,0022,绍兴大学,电气工程及其自动化,绍兴文理学院,自动化,566,88505.0,23,contains_unique
0022-032,2024,0022,绍兴大学,电气工程及其自动化,绍兴文理学院,自动化,559,99972.0,23,contains_unique
0022-032,2025,0022,绍兴大学,电气工程及其自动化,绍兴文理学院,自动化,563,95874.0,23,contains_unique
0022-035,2023,0022,绍兴大学,物理学,绍兴文理学院,物理学(师范),563,91864.0,23,base
0022-035,2024,0022,绍兴大学,物理学,绍兴文理学院,物理学(师范),546,115327.0,23,base
0022-035,2025,0022,绍兴大学,物理学,绍兴文理学院,物理学(师范),552,109820.0,23,base
0023-050,2023,0023,台州学院,环境生态工程(中外合作办学),台州学院,环境生态工程,556,99808.0,24,base
0023-050,2024,0023,台州学院,环境生态工程(中外合作办学),台州学院,环境生态工程,515,151546.0,24,base
0023-050,2025,0023,台州学院,环境生态工程(中外合作办学),台州学院,环境生态工程,532,133807.0,24,base
0023-052,2023,0023,台州学院,应用化学(中外合作办学),台州学院,应用化学,556,99507.0,24,base
0023-052,2024,0023,台州学院,应用化学(中外合作办学),台州学院,应用化学,511,156342.0,24,base
0023-052,2025,0023,台州学院,应用化学(中外合作办学),台州学院,应用化学,533,133324.0,24,base
0027-025,2024,0027,浙江传媒学院,戏剧影视文学(视听创写卓越人才班),浙江传媒学院,戏剧影视文学,589,66064.0,25,base
0027-025,2025,0027,浙江传媒学院,戏剧影视文学(视听创写卓越人才班),浙江传媒学院,戏剧影视文学,583,71618.0,25,base
0027-026,2023,0027,浙江传媒学院,编辑出版学(国际版权运营卓越人才班),浙江传媒学院,编辑出版学,592,60942.0,25,base
0027-026,2024,0027,浙江传媒学院,编辑出版学(国际版权运营卓越人才班),浙江传媒学院,编辑出版学,599,54574.0,25,base
0027-026,2025,0027,浙江传媒学院,编辑出版学(国际版权运营卓越人才班),浙江传媒学院,编辑出版学,592,61362.0,25,base
0027-047,2023,0027,浙江传媒学院,广播电视学(视听传播卓越人才班),浙江传媒学院,广播电视学,607,45273.0,25,base
0027-047,2024,0027,浙江传媒学院,广播电视学(视听传播卓越人才班),浙江传媒学院,广播电视学,609,44370.0,25,base
0033-043,2023,0033,浙江树人学院,物业管理(中外合作办学),浙江树人学院( 民办学校),物业管理,523,137287.0,27,base
0033-043,2024,0033,浙江树人学院,物业管理(中外合作办学),浙江树人学院( 民办学校),物业管理,539,124108.0,27,base
0033-043,2025,0033,浙江树人学院,物业管理(中外合作办学),浙江树人学院( 民办学校),物业管理,540,124334.0,27,base
0038-011,2023,0038,丽水学院,电气工程及其自动化,丽水学院,自动化,549,107875.0,28,contains_unique
0038-011,2024,0038,丽水学院,电气工程及其自动化,丽水学院,自动化,536,126830.0,28,contains_unique
0044-534,2023,0044,浙江工贸职业技术学院,工业机器人技术,浙江工贸职业技术学院,工业机器人技术(中外合作办学),416,234044.0,30,base
0044-534,2024,0044,浙江工贸职业技术学院,工业机器人技术,浙江工贸职业技术学院,工业机器人技术(中外合作办学),445,220346.0,30,base
0044-534,2025,0044,浙江工贸职业技术学院,工业机器人技术,浙江工贸职业技术学院,工业机器人技术(中外合作办学),459,213920.0,30,base
0060-525,2023,0060,杭州职业技术大学,电气自动化技术(中外合作办学),杭州职业技术学院,电气自动化技术,500,161965.0,35,base
0061-504,2023,0061,金华职业技术大学,应用电子技术(中外合作办学),金华职业技术学院,应用电子技术,509,152167.0,35,base
0075-523,2023,0075,台州科技职业学院,旅游管理(中外合作办学),台州科技职业学院,旅游管理,431,224128.0,41,base
0075-523,2024,0075,台州科技职业学院,旅游管理(中外合作办学),台州科技职业学院,旅游管理,445,220264.0,41,base
0093-007,2023,0093,浙江师范大学行知学院,法学,浙江师范大学行知学院( 独立学院),"法学(法学,与汉语言复合班,与工管复合班)",544,113685.0,44,base
0093-007,2024,0093,浙江师范大学行知学院,法学,浙江师范大学行知学院( 独立学院),"法学(法学,与汉语言复合班,与工管复合班)",561,98188.0,44,base
0093-007,2025,0093,浙江师范大学行知学院,法学,浙江师范大学行知学院( 独立学院),"法学(法学,涉外法治复合班,数字法学复合班)",560,100174.0,45,base
0122-017,2025,0122,绍兴理工学院,机械设计制造及其自动化,绍兴理工学院,自动化,539,125269.0,50,contains_unique
0126-019,2023,0126,温州商学院,英语,温州商学院( 民办学校),商务英语,402,242436.0,49,contains_unique
0126-019,2024,0126,温州商学院,英语,温州商学院( 民办学校),商务英语,400,247979.0,50,contains_unique
0126-019,2025,0126,温州商学院,英语,温州商学院( 民办学校),商务英语,385,261698.0,51,contains_unique
0199-503,2023,0199,浙江药科职业大学,药物制剂技术(中外合作办学),浙江药科职业大学,药物制剂技术,499,163717.0,52,base
0199-503,2024,0199,浙江药科职业大学,药物制剂技术(中外合作办学),浙江药科职业大学,药物制剂技术,515,152492.0,52,base
1102-019,2025,1102,北京城市学院,传播学,北京城市学院( 民办学校),传播学(国际课程班),531,136145.0,54,base
1102-020,2025,1102,北京城市学院,金融学,北京城市学院( 民办学校),金融学(国际课程班),565,93799.0,54,base
1102-021,2025,1102,北京城市学院,会计学,北京城市学院( 民办学校),会计学(国际课程班),570,87443.0,54,base
1104-006,2024,1104,北京大学医学部(“双一流”建设高校),预防医学(七年制本硕连读),北京大学医学部,预防医学物理&化学1七年医药学,700,257.0,53,contains_unique
1104-007,2024,1104,北京大学医学部(“双一流”建设高校),药学(六年制本硕连读),北京大学医学部,预防医学物理&化学1七年医药学,700,257.0,53,contains_unique
1105-005,2023,1105,北京第二外国语学院,德语(中德高级翻译人才培养实验班),北京第二外国语学院,德语(人文交流),637,20784.0,53,base
1105-005,2024,1105,北京第二外国语学院,德语(中德高级翻译人才培养实验班),北京第二外国语学院,德语,634,22575.0,53,base
1105-005,2025,1105,北京第二外国语学院,德语(中德高级翻译人才培养实验班),北京第二外国语学院,德语(智能语言服务方向),625,27645.0,54,base
1106-005,2023,1106,北京第二外国语学院中瑞酒店管理学院,健康服务与管理,北京第二外国语学院中瑞酒店管理学院( 独立学院),健康服务与管理(中日联合培养),500,162423.0,53,base
1106-005,2024,1106,北京第二外国语学院中瑞酒店管理学院,健康服务与管理,北京第二外国语学院中瑞酒店管理学院( 独立学院),健康服务与管理(中日联合培养),574,83101.0,53,base
1106-006,2025,1106,北京第二外国语学院中瑞酒店管理学院,金融学(酒店资产管理),北京第二外国语学院中瑞酒店管理学院( 独立学院),金融学(国际班),511,160260.0,55,base
1111-008,2023,1111,北京工商大学,金融工程(量化金融与统计分析双学士学位项目),北京工商大学,金融工程,631,24958.0,53,base
1111-008,2024,1111,北京工商大学,金融工程(量化金融与统计分析双学士学位项目),北京工商大学,金融工程,613,40410.0,54,base
1114-006,2023,1114,北京工业大学耿丹学院,城乡规划,北京工业大学耿丹学院( 独立学院),城乡规划(国际班),508,153382.0,53,base
1117-010,2023,1117,北京化工大学(“双一流”建设高校),"材料科学与工程(材料,大数据双学士学位)",北京化工大学,材料科学与工程,642,17450.0,54,base
1117-027,2023,1117,北京化工大学(“双一流”建设高校),法学,北京化工大学,法学(卓越实验班),651,12440.0,54,base
1117-027,2024,1117,北京化工大学(“双一流”建设高校),法学,北京化工大学,法学(卓越实验班),651,12160.0,54,base
1117-027,2025,1117,北京化工大学(“双一流”建设高校),法学,北京化工大学,法学(卓越实验班),649,11750.0,56,base
1121-010,2023,1121,北京交通大学(“双一流”建设高校),建筑类(卓越人才拔尖班),北京交通大学,建筑类(建筑与规划),647,14266.0,54,base
1121-010,2024,1121,北京交通大学(“双一流”建设高校),建筑类(卓越人才拔尖班),北京交通大学,建筑类(建筑与规划),645,15212.0,55,base
1128-035,2023,1128,北京林业大学(“双一流”建设高校),英语(语智实验班),北京林业大学,英语,641,18224.0,55,base
1128-035,2024,1128,北京林业大学(“双一流”建设高校),英语(语智实验班),北京林业大学,英语,642,16843.0,56,base
1128-035,2025,1128,北京林业大学(“双一流”建设高校),英语(语智实验班),北京林业大学,英语,640,16213.0,58,base
1133-014,2025,1133,北京外国语大学(“双一流”建设高校),德语,北京外国语大学,德语(双学位),657,8084.0,59,base
1133-044,2025,1133,北京外国语大学(“双一流”建设高校),大数据管理与应用(中外合作办学),北京外国语大学,大数据管理与应用,649,11507.0,59,base
1138-013,2023,1138,北京信息科技大学,机械设计制造及其自动化(中外合作办学),北京信息科技大学,自动化,621,32703.0,57,contains_unique
1138-013,2024,1138,北京信息科技大学,机械设计制造及其自动化(中外合作办学),北京信息科技大学,自动化,617,36439.0,58,contains_unique
1139-007,2023,1139,北京印刷学院,数字出版(实验班),北京印刷学院,数字出版,595,57616.0,57,base
1139-007,2024,1139,北京印刷学院,数字出版(实验班),北京印刷学院,数字出版,629,26288.0,58,base
1143-014,2023,1143,北京中医药大学(“双一流”建设高校),生物工程(交叉创新班),北京中医药大学,生物工程,642,17334.0,58,base
1143-014,2024,1143,北京中医药大学(“双一流”建设高校),生物工程(交叉创新班),北京中医药大学,生物工程,636,20896.0,59,base
1143-016,2023,1143,北京中医药大学(“双一流”建设高校),大数据管理与应用(成思危拔尖人才班),北京中医药大学,大数据管理与应用,632,24049.0,58,base
1143-016,2024,1143,北京中医药大学(“双一流”建设高校),大数据管理与应用(成思危拔尖人才班),北京中医药大学,大数据管理与应用,627,27388.0,59,base
1144-004,2023,1144,对外经济贸易大学(“双一流”建设高校),供应链管理(全部进入金融学双学士学位项目),对外经济贸易大学,供应链管理(与金融学专业双学士学位项目),663,7058.0,58,base
1144-004,2024,1144,对外经济贸易大学(“双一流”建设高校),供应链管理(全部进入金融学双学士学位项目),对外经济贸易大学,供应链管理(与金融学双学士学位项目),662,7538.0,59,base
1144-004,2025,1144,对外经济贸易大学(“双一流”建设高校),供应链管理(全部进入金融学双学士学位项目),对外经济贸易大学,供应链管理(金融学双学士学位项目),660,6814.0,60,base
1149-013,2023,1149,首都师范大学(“双一流”建设高校),法语(世界史双学士学位项目),首都师范大学,法语,639,19527.0,59,base
1153-023,2023,1153,中国传媒大学(“双一流”建设高校),国际新闻与传播(卓越人才实验班),中国传媒大学,国际新闻与传播,663,6887.0,59,base
1153-023,2024,1153,中国传媒大学(“双一流”建设高校),国际新闻与传播(卓越人才实验班),中国传媒大学,国际新闻与传播,660,8299.0,60,base
1153-024,2023,1153,中国传媒大学(“双一流”建设高校),英语(区域国别卓越人才实验班),中国传媒大学,英语,653,11450.0,59,base
1153-024,2024,1153,中国传媒大学(“双一流”建设高校),英语(区域国别卓越人才实验班),中国传媒大学,英语,652,11745.0,60,base
1154-023,2023,1154,中国地质大学(北京)(“双一流”建设高校),经济学(与资勘专业双学士学位),中国地质大学,经济学,640,18504.0,59,base
1158-011,2025,1158,中国社会科学院大学,英语(与国关双学位项目),中国社会科学院大学,英语,654,9483.0,63,base
1159-008,2023,1159,中国人民大学(“双一流”建设高校),社会学类(社会科学基础理论拔尖人才班),中国人民大学,社会学类,688,895.0,61,base
1159-008,2024,1159,中国人民大学(“双一流”建设高校),社会学类(社会科学基础理论拔尖人才班),中国人民大学,社会学类,684,1683.0,62,base
1159-018,2024,1159,中国人民大学(“双一流”建设高校),"工商管理类(数智商务,数智财会,数智金融)",中国人民大学,"工商管理类(数智化方向,含双学位项目)",686,1450.0,62,base
1159-019,2023,1159,中国人民大学(“双一流”建设高校),人力资源管理(经管交叉),中国人民大学,人力资源管理(经管试验班),687,1049.0,61,base
1159-023,2023,1159,中国人民大学(“双一流”建设高校),人工智能,中国人民大学,人工智能(拔尖班),692,590.0,61,base
1159-023,2024,1159,中国人民大学(“双一流”建设高校),人工智能,中国人民大学,人工智能(拔尖班),694,654.0,62,base
1160-016,2024,1160,中国石油大学(北京)(“双一流”建设高校),化学工程与工艺(中外合作办学),中国石油大学,化学工程与工艺,586,68866.0,329,base
1160-016,2025,1160,中国石油大学(北京)(“双一流”建设高校),化学工程与工艺(中外合作办学),中国石油大学,化学工程与工艺,633,21607.0,64,base
1163-005,2023,1163,中国政法大学(“双一流”建设高校),法律英语(涉外法治外语人才培养实验班),中国政法大学,英语(法律英语实验班),662,7467.0,61,contains_unique
1163-005,2024,1163,中国政法大学(“双一流”建设高校),法律英语(涉外法治外语人才培养实验班),中国政法大学,英语(法律英语实验班),659,8641.0,62,contains_unique
1163-005,2025,1163,中国政法大学(“双一流”建设高校),法律英语(涉外法治外语人才培养实验班),中国政法大学,英语(法律英语实验班),656,8529.0,64,contains_unique
1163-007,2023,1163,中国政法大学(“双一流”建设高校),新闻学(卓越新闻传播人才培养实验班),中国政法大学,新闻学,659,8371.0,61,base
1163-007,2024,1163,中国政法大学(“双一流”建设高校),新闻学(卓越新闻传播人才培养实验班),中国政法大学,新闻学,657,9521.0,62,base
1163-007,2025,1163,中国政法大学(“双一流”建设高校),新闻学(卓越新闻传播人才培养实验班),中国政法大学,新闻学,655,8999.0,64,base
1163-023,2023,1163,中国政法大学(“双一流”建设高校),英语(中外合作办学),中国政法大学,英语(法律英语实验班),662,7467.0,61,base
1163-023,2024,1163,中国政法大学(“双一流”建设高校),英语(中外合作办学),中国政法大学,英语(法律英语实验班),659,8641.0,62,base
1163-023,2025,1163,中国政法大学(“双一流”建设高校),英语(中外合作办学),中国政法大学,英语(法律英语实验班),656,8529.0,64,base
1213-508,2023,1213,天津商务职业学院,旅游管理(中外合作办学),天津商务职业学院,旅游管理,423,229447.0,65,base
1224-011,2023,1224,天津理工大学,工商管理(中外合作办学),天津理工大学,工商管理,583,70165.0,67,base
1224-011,2024,1224,天津理工大学,工商管理(中外合作办学),天津理工大学,工商管理,595,59238.0,68,base
1224-011,2025,1224,天津理工大学,工商管理(中外合作办学),天津理工大学,工商管理,589,64184.0,70,base
1230-009,2023,1230,天津商业大学宝德学院,酒店管理,天津商业大学宝德学院( 独立学院),"流管理,酒店管理专业)",522,138423.0,68,contains_unique
1232-013,2023,1232,天津师范大学,计算机科学与技术,天津师范大学,计算机科学与技术(师范),621,32731.0,69,base
1232-013,2024,1232,天津师范大学,计算机科学与技术,天津师范大学,计算机科学与技术(师范),606,47048.0,70,base
1307-001,2023,1307,民政职业大学,康复治疗,北京社会管理职业学院,康复治疗技术,474,188847.0,63,contains_unique
1307-003,2023,1307,民政职业大学,婴幼儿发展与健康管理,北京社会管理职业学院,健康管理,480,182935.0,63,contains_unique
1336-005,2023,1336,应急管理大学,化工安全工程,华北科技学院,安全工程,548,108714.0,76,contains_unique
1336-005,2024,1336,应急管理大学,化工安全工程,华北科技学院,安全工程,499,169952.0,77,contains_unique
1336-005,2025,1336,应急管理大学,化工安全工程,华北科技学院,安全工程,519,149650.0,79,contains_unique
1341-007,2023,1341,河北地质大学,物流管理,河北地质大学,物流管理与工程类,564,90928.0,76,contains_unique
1341-007,2024,1341,河北地质大学,物流管理,河北地质大学,物流管理与工程类,577,79721.0,78,contains_unique
1346-003,2023,1346,邢台学院,化学工程与工艺,邢台学院,化学(师范),558,97881.0,77,contains_unique
1346-003,2024,1346,邢台学院,化学工程与工艺,邢台学院,化学(师范),488,181571.0,78,contains_unique
1346-003,2025,1346,邢台学院,化学工程与工艺,邢台学院,化学(师范),509,161769.0,80,contains_unique
1347-506,2023,1347,邢台医学院,口腔医学技术,邢台医学高等专科学校,口腔医学,510,151500.0,77,contains_unique
1347-506,2024,1347,邢台医学院,口腔医学技术,邢台医学院,口腔医学,509,158450.0,78,contains_unique
1349-027,2023,1349,燕山大学,软件工程(中外合作办学),燕山大学,软件工程,598,54451.0,77,base
1408-001,2023,1408,山西农业大学,农学,山西农业大学,农学(卓越人才实验班),563,91648.0,79,base
1408-008,2023,1408,山西农业大学,林学(森林康养方向),山西农业大学,林学(卓越人才实验班),559,96455.0,79,base
1408-008,2024,1408,山西农业大学,林学(森林康养方向),山西农业大学,林学(卓越人才培养实验班),535,128222.0,81,base
1413-001,2023,1413,太原工业学院,机械设计制造及其自动化,太原工业学院,自动化,541,116649.0,80,contains_unique
1413-016,2023,1413,太原工业学院,化学工程与工业生物工程,太原工业学院,生物工程,529,129809.0,80,contains_unique
1413-016,2024,1413,太原工业学院,化学工程与工业生物工程,太原工业学院,生物工程,521,144636.0,82,contains_unique
1413-019,2023,1413,太原工业学院,安全工程,太原工业学院,化工安全工程,515,145916.0,80,contains_unique
1417-005,2023,1417,运城学院,生物科学(师范),运城学院,生物科学(检验与检测),544,113077.0,81,base
1417-005,2024,1417,运城学院,生物科学(师范),运城学院,生物科学(检验与检测),485,184533.0,83,base
1417-005,2025,1417,运城学院,生物科学(师范),运城学院,生物科学(检验与检测),501,171690.0,85,base
2104-019,2023,2104,大连大学,机械设计制造及其自动化(智造数控卓越实验班),大连大学,机械设计制造及其自动化,577,76867.0,84,base
2104-019,2024,2104,大连大学,机械设计制造及其自动化(智造数控卓越实验班),大连大学,机械设计制造及其自动化,571,86589.0,86,base
2104-019,2025,2104,大连大学,机械设计制造及其自动化(智造数控卓越实验班),大连大学,机械设计制造及其自动化,576,80412.0,88,base
2111-001,2023,2111,大连理工大学(“双一流”建设高校),人工智能(新工科大师班),大连理工大学,人工智能(未来技术班),661,7682.0,85,base
2111-001,2024,2111,大连理工大学(“双一流”建设高校),人工智能(新工科大师班),大连理工大学,人工智能(未来技术班),662,7194.0,87,base
2111-004,2023,2111,大连理工大学(“双一流”建设高校),应用物理学(中外合作办学),大连理工大学,应用物理学(王大珩物理基础科学拔尖计划班),658,8835.0,85,base
2115-016,2023,2115,大连海洋大学,水产养殖学(创新班),大连海洋大学,水产养殖学,561,93970.0,86,base
2115-016,2024,2115,大连海洋大学,水产养殖学(创新班),大连海洋大学,水产养殖学,488,181337.0,88,base
2122-008,2023,2122,东北财经大学,国际经济与贸易(与应用统计双学士学位),东北财经大学,国际经济与贸易,637,20882.0,87,base
2122-008,2025,2122,东北财经大学,国际经济与贸易(与应用统计双学士学位),东北财经大学,国际经济与贸易,630,23616.0,91,base
2129-009,2023,2129,辽宁工业大学,软件工程,辽宁工业大学,软件工程(中外合作办学),553,103352.0,88,base
2129-009,2024,2129,辽宁工业大学,软件工程,辽宁工业大学,软件工程(中外合作办学),518,148084.0,90,base
2129-009,2025,2129,辽宁工业大学,软件工程,辽宁工业大学,软件工程(中外合作办学),515,155319.0,92,base
2133-016,2024,2133,辽宁科技大学,数据科学与大数据技术(中外合作办学),辽宁科技大学,数据科学与大数据技术,541,121682.0,90,base
2133-016,2025,2133,辽宁科技大学,数据科学与大数据技术(中外合作办学),辽宁科技大学,数据科学与大数据技术,540,124247.0,93,base
2136-003,2023,2136,辽宁师范大学,计算机科学与技术(师范),辽宁师范大学,计算机科学与技术,582,71497.0,88,base
2137-001,2023,2137,辽宁石油化工大学,电气工程及其自动化,辽宁石油化工大学,电气工程及其自动化(中外合作办学),537,120649.0,89,base
2137-001,2024,2137,辽宁石油化工大学,电气工程及其自动化,辽宁石油化工大学,电气工程及其自动化(中外合作办学),526,138685.0,91,base
2137-007,2025,2137,辽宁石油化工大学,机械设计制造及其自动化,辽宁石油化工大学,自动化,532,134115.0,93,contains_unique
2137-012,2023,2137,辽宁石油化工大学,自动化,辽宁石油化工大学,电气工程及其自动化(中外合作办学),537,120649.0,89,contains_unique
2137-012,2024,2137,辽宁石油化工大学,自动化,辽宁石油化工大学,电气工程及其自动化(中外合作办学),526,138685.0,91,contains_unique
2139-009,2023,2139,辽宁中医药大学,护理学(中外合作办学),辽宁中医药大学,护理学,567,88026.0,89,base
2139-009,2024,2139,辽宁中医药大学,护理学(中外合作办学),辽宁中医药大学,护理学,529,135545.0,91,base
2151-017,2023,2151,沈阳建筑大学,数据科学与大数据技术,沈阳建筑大学,数据科学与大数据技术(中外合作办学),554,101605.0,90,base
2151-017,2024,2151,沈阳建筑大学,数据科学与大数据技术,沈阳建筑大学,数据科学与大数据技术(中外合作办学),506,161786.0,92,base
2151-017,2025,2151,沈阳建筑大学,数据科学与大数据技术,沈阳建筑大学,数据科学与大数据技术(中外合作办学),518,150949.0,94,base
2153-022,2023,2153,沈阳理工大学,测控技术与仪器(中外合作办学),沈阳理工大学,测控技术与仪器,564,91018.0,91,base
2153-022,2024,2153,沈阳理工大学,测控技术与仪器(中外合作办学),沈阳理工大学,测控技术与仪器,561,97708.0,93,base
2154-015,2023,2154,沈阳工学院,电气工程及其自动化,沈阳工学院( 民办学校),自动化,510,151193.0,91,contains_unique
2154-015,2024,2154,沈阳工学院,电气工程及其自动化,沈阳工学院( 民办学校),自动化,473,196812.0,93,contains_unique
2154-015,2025,2154,沈阳工学院,电气工程及其自动化,沈阳工学院( 民办学校),自动化,481,193244.0,95,contains_unique
2154-507,2023,2154,沈阳工学院,电气自动化技术,沈阳工学院( 民办学校),自动化,510,151193.0,91,contains_unique
2154-507,2024,2154,沈阳工学院,电气自动化技术,沈阳工学院( 民办学校),自动化,473,196812.0,93,contains_unique
2167-001,2023,2167,大连理工大学(盘锦校区)(“双一流”建设高校),能源化学工程,大连理工大学( 盘锦校区),"能源化学工程(能源,资源与生物化工新工科实验班)",648,13747.0,92,base
2167-004,2023,2167,大连理工大学(盘锦校区)(“双一流”建设高校),经济学类,大连理工大学( 盘锦校区),经济学类(经济与商务实验班),651,12085.0,93,base
2167-013,2023,2167,大连理工大学(盘锦校区)(“双一流”建设高校),环境生态工程(中外合作办学),大连理工大学( 盘锦校区),环境生态工程(生态与食品工科实验班),646,14689.0,92,base
2167-013,2024,2167,大连理工大学(盘锦校区)(“双一流”建设高校),环境生态工程(中外合作办学),大连理工大学( 盘锦校区),环境生态工程,645,15057.0,95,base
2202-025,2023,2202,长春大学,材料科学与工程,长春大学,材料科学与工程(中外合作办学),534,124107.0,94,base
2202-025,2024,2202,长春大学,材料科学与工程,长春大学,材料科学与工程(中外合作办学),505,163001.0,96,base
2202-025,2025,2202,长春大学,材料科学与工程,长春大学,材料科学与工程(中外合作办学),513,157055.0,97,base
2202-037,2023,2202,长春大学,特殊教育(中外合作办学)(师范),长春大学,特殊教育(师范),569,85888.0,93,base
2202-037,2024,2202,长春大学,特殊教育(中外合作办学)(师范),长春大学,特殊教育(师范),580,76027.0,95,base
2202-037,2025,2202,长春大学,特殊教育(中外合作办学)(师范),长春大学,特殊教育(师范),577,79699.0,97,base
2207-001,2023,2207,长春工业大学,机械工程,长春工业大学,机械工程(中外合作办学),551,104991.0,95,base
2207-001,2024,2207,长春工业大学,机械工程,长春工业大学,机械工程(中外合作办学),541,121412.0,97,base
2207-037,2023,2207,长春工业大学,经济统计学,长春工业大学,统计学,575,78346.0,95,contains_unique
2207-037,2024,2207,长春工业大学,经济统计学,长春工业大学,统计学,506,162358.0,97,contains_unique
2207-043,2025,2207,长春工业大学,人工智能(中外合作办学),长春工业大学,人工智能,555,105599.0,99,base
2214-023,2023,2214,吉林财经大学,统计学,吉林财经大学,经济统计学,576,77672.0,97,contains_unique
2215-011,2023,2215,长春财经学院,统计学,长春财经学院( 民办学校),经济统计学,516,145055.0,97,contains_unique
2215-011,2024,2215,长春财经学院,统计学,长春财经学院( 民办学校),经济统计学,471,198276.0,100,contains_unique
2215-011,2025,2215,长春财经学院,统计学,长春财经学院( 民办学校),经济统计学,470,204484.0,102,contains_unique
2220-017,2025,2220,吉林大学(“双一流”建设高校),工商管理(双学士学位),吉林大学,工商管理(吕振羽班),644,14102.0,103,base
2220-018,2025,2220,吉林大学(“双一流”建设高校),物流管理(双学士学位),吉林大学,物流管理,644,14180.0,103,base
2226-004,2025,2226,吉林化工大学,应用化学,吉林化工大学,化学,513,157564.0,105,contains_unique
2226-005,2025,2226,吉林化工大学,机械设计制造及其自动化,吉林化工大学,自动化,534,131917.0,105,contains_unique
2226-010,2023,2226,吉林化工大学,电气工程及其自动化,吉林化工学院,自动化,539,118467.0,100,contains_unique
2226-013,2023,2226,吉林化工大学,化学测量学与技术,吉林化工学院,化学,546,111242.0,100,contains_unique
2226-013,2024,2226,吉林化工大学,化学测量学与技术,吉林化工学院,化学,484,185419.0,102,contains_unique
2226-013,2025,2226,吉林化工大学,化学测量学与技术,吉林化工大学,化学,513,157564.0,105,contains_unique
2231-005,2023,2231,吉林农业大学,动物科学,吉林农业大学,动物科学(中外合作办学),540,117684.0,102,base
2231-005,2024,2231,吉林农业大学,动物科学,吉林农业大学,动物科学(中外合作办学),473,196244.0,104,base
2231-005,2025,2231,吉林农业大学,动物科学,吉林农业大学,动物科学(中外合作办学),488,185732.0,106,base
2301-002,2023,2301,大庆师范学院,化学(卓师班)(师范),大庆师范学院,化学(师范),545,112517.0,104,base
2301-002,2024,2301,大庆师范学院,化学(卓师班)(师范),大庆师范学院,化学(师范),519,146777.0,107,base
2301-002,2025,2301,大庆师范学院,化学(卓师班)(师范),大庆师范学院,化学(师范),500,172649.0,109,base
2301-008,2023,2301,大庆师范学院,数学与应用数学(卓师班)(师范),大庆师范学院,数学与应用数学(师范),536,121878.0,104,base
2301-008,2024,2301,大庆师范学院,数学与应用数学(卓师班)(师范),大庆师范学院,数学与应用数学(师范),484,185426.0,107,base
2301-008,2025,2301,大庆师范学院,数学与应用数学(卓师班)(师范),大庆师范学院,数学与应用数学(师范),500,172347.0,109,base
2301-009,2023,2301,大庆师范学院,化学工程与工艺(中外合作办学),大庆师范学院,化学工程与工艺,539,118418.0,104,base
2301-009,2024,2301,大庆师范学院,化学工程与工艺(中外合作办学),大庆师范学院,化学工程与工艺,484,185587.0,107,base
2301-009,2025,2301,大庆师范学院,化学工程与工艺(中外合作办学),大庆师范学院,化学工程与工艺,504,167937.0,109,base
2302-010,2025,2302,东北石油大学,油气储运工程,东北石油大学,油气储运工程(中外合作办学),521,147486.0,109,base
2303-020,2025,2303,东北林业大学(“双一流”建设高校),生物科学(未来尖班),东北林业大学,生物科学(拔尖人才成栋班),614,37096.0,109,base
2303-024,2023,2303,东北林业大学(“双一流”建设高校),自动化,东北林业大学,机械设计制造及其自动化,620,33356.0,104,contains_unique
2303-024,2024,2303,东北林业大学(“双一流”建设高校),自动化,东北林业大学,机械设计制造及其自动化,619,34529.0,107,contains_unique
2303-024,2025,2303,东北林业大学(“双一流”建设高校),自动化,东北林业大学,机械设计制造及其自动化,622,29990.0,109,contains_unique
2308-006,2024,2308,哈尔滨工程大学(“双一流”建设高校),能源与动力工程(兴海领军班),哈尔滨工程大学,能源与动力工程(未来领军),654,10475.0,108,base
2308-006,2025,2308,哈尔滨工程大学(“双一流”建设高校),能源与动力工程(兴海领军班),哈尔滨工程大学,能源与动力工程(兴海领军),648,11797.0,110,base
2308-007,2025,2308,哈尔滨工程大学(“双一流”建设高校),人工智能(兴海领军班),哈尔滨工程大学,人工智能(兴海领军),647,12451.0,110,base
2308-008,2025,2308,哈尔滨工程大学(“双一流”建设高校),海洋信息工程(兴海领军班),哈尔滨工程大学,海洋信息工程(兴海领军),647,12491.0,110,base
2308-009,2025,2308,哈尔滨工程大学(“双一流”建设高校),计算机科学与技术(兴海领军班),哈尔滨工程大学,计算机科学与技术(兴海领军),651,10546.0,110,base
2308-010,2025,2308,哈尔滨工程大学(“双一流”建设高校),通信工程(兴海领军班),哈尔滨工程大学,通信工程(兴海领军),649,11532.0,110,base
2308-011,2025,2308,哈尔滨工程大学(“双一流”建设高校),材料科学与工程(兴海领军班),哈尔滨工程大学,材料科学与工程(兴海领军),647,12833.0,110,base
2308-012,2023,2308,哈尔滨工程大学(“双一流”建设高校),核工程与核技术(兴海领军班),哈尔滨工程大学,核工程与核技术,644,16054.0,105,base
2308-016,2023,2308,哈尔滨工程大学(“双一流”建设高校),光电信息科学与工程(兴海领军班),哈尔滨工程大学,光电信息科学与工程,645,15663.0,105,base
2308-018,2023,2308,哈尔滨工程大学(“双一流”建设高校),自动化(钱学森班),哈尔滨工程大学,自动化(中外合作办学),637,20681.0,105,base
2308-018,2024,2308,哈尔滨工程大学(“双一流”建设高校),自动化(钱学森班),哈尔滨工程大学,自动化(中外合作办学),641,17361.0,108,base
2313-001,2023,2313,哈尔滨理工大学,机械设计制造及其自动化,哈尔滨理工大学,自动化,594,58595.0,106,contains_unique
2315-012,2024,2315,哈尔滨师范大学,人力资源管理,哈尔滨师范大学,人力资源管理(实验班),578,78479.0,109,base
2315-012,2025,2315,哈尔滨师范大学,人力资源管理,哈尔滨师范大学,人力资源管理(中美人才121双学位项目),555,106232.0,111,base
2319-020,2023,2319,哈尔滨学院,化学,哈尔滨学院,化学(师范),555,100626.0,107,base
2319-020,2024,2319,哈尔滨学院,化学,哈尔滨学院,化学(师范),535,128061.0,109,base
2319-020,2025,2319,哈尔滨学院,化学,哈尔滨学院,化学(师范),526,141832.0,112,base
2323-028,2025,2323,黑龙江大学,会计学(中澳学分互认联合培养项目),黑龙江大学,会计学,582,73523.0,113,base
2323-030,2023,2323,黑龙江大学,化学工程与工艺(中澳学分互认联合培养项目),黑龙江大学,化学,583,69999.0,107,contains_unique
2323-030,2024,2323,黑龙江大学,化学工程与工艺(中澳学分互认联合培养项目),黑龙江大学,化学,567,90213.0,110,contains_unique
2323-030,2025,2323,黑龙江大学,化学工程与工艺(中澳学分互认联合培养项目),黑龙江大学,化学工程与工艺,540,124148.0,113,base
2323-031,2025,2323,黑龙江大学,食品科学与工程(中澳学分互认联合培养项目),黑龙江大学,食品科学与工程,531,135663.0,113,base
2337-022,2024,2337,齐齐哈尔大学,纺织工程(中外合作办学),齐齐哈尔大学,纺织工程,506,161816.0,112,base
2337-022,2025,2337,齐齐哈尔大学,纺织工程(中外合作办学),齐齐哈尔大学,纺织工程,517,152264.0,114,base
2338-006,2024,2338,齐齐哈尔医学院,临床药学,齐齐哈尔医学院,药学,509,159138.0,112,contains_unique
3101-030,2023,3101,东华大学(“双一流”建设高校),纺织工程(艺工融合双学位),东华大学,纺织工程,649,13301.0,110,base
3101-030,2024,3101,东华大学(“双一流”建设高校),纺织工程(艺工融合双学位),东华大学,纺织工程(双学士学位),644,15772.0,113,base
3101-030,2025,3101,东华大学(“双一流”建设高校),纺织工程(艺工融合双学位),东华大学,纺织工程,639,17017.0,115,base
3101-033,2023,3101,东华大学(“双一流”建设高校),服装设计与工程(双学位),东华大学,服装设计与工程,644,15934.0,110,base
3101-033,2024,3101,东华大学(“双一流”建设高校),服装设计与工程(双学位),东华大学,服装设计与工程,637,20061.0,113,base
3101-033,2025,3101,东华大学(“双一流”建设高校),服装设计与工程(双学位),东华大学,服装设计与工程,637,18202.0,115,base
3102-004,2024,3102,复旦大学(“双一流”建设高校),经济学类,复旦大学,经济学类(拔尖班),699,293.0,113,base
3104-004,2023,3104,华东理工大学(“双一流”建设高校),计算机科学与技术(双学士学位项目),华东理工大学,计算机科学与技术,661,7557.0,110,base
3104-017,2025,3104,华东理工大学(“双一流”建设高校),药学(新药智能创制班),华东理工大学,药学(创新实验班),639,16986.0,116,base
3104-018,2023,3104,华东理工大学(“双一流”建设高校),材料类(新材料实验班),华东理工大学,材料类,645,15198.0,110,base
3104-019,2023,3104,华东理工大学(“双一流”建设高校),应用化学(双学士学位项目),华东理工大学,应用化学,656,9731.0,110,base
3104-020,2023,3104,华东理工大学(“双一流”建设高校),环境工程(双学士学位项目),华东理工大学,环境工程,647,14493.0,110,base
3104-024,2023,3104,华东理工大学(“双一流”建设高校),公共管理类(计算社会科学实验班),华东理工大学,公共管理类,648,13630.0,110,base
3104-024,2024,3104,华东理工大学(“双一流”建设高校),公共管理类(计算社会科学实验班),华东理工大学,公共管理类,649,13201.0,113,base
3104-024,2025,3104,华东理工大学(“双一流”建设高校),公共管理类(计算社会科学实验班),华东理工大学,公共管理类,645,13713.0,116,base
3105-013,2025,3105,华东师范大学(“双一流”建设高校),翻译(双学位),华东师范大学,翻译,665,5166.0,116,base
3105-017,2023,3105,华东师范大学(“双一流”建设高校),人力资源管理(双学位),华东师范大学,人力资源管理,667,5579.0,111,base
3105-017,2025,3105,华东师范大学(“双一流”建设高校),人力资源管理(双学位),华东师范大学,人力资源管理,663,5602.0,116,base
3105-024,2023,3105,华东师范大学(“双一流”建设高校),金融学(双学位),华东师范大学,金融学,669,4712.0,111,base
3105-024,2025,3105,华东师范大学(“双一流”建设高校),金融学(双学位),华东师范大学,金融学,665,5184.0,116,base
3105-025,2023,3105,华东师范大学(“双一流”建设高校),新闻学(双学位),华东师范大学,新闻学,667,5392.0,111,base
3105-025,2025,3105,华东师范大学(“双一流”建设高校),新闻学(双学位),华东师范大学,新闻学,667,4598.0,116,base
3105-029,2023,3105,华东师范大学(“双一流”建设高校),统计学(双学位),华东师范大学,统计学,676,2985.0,111,base
3105-029,2025,3105,华东师范大学(“双一流”建设高校),统计学(双学位),华东师范大学,统计学,665,4975.0,116,base
3106-014,2023,3106,华东政法大学,知识产权,华东政法大学,知识产权(卓越人才实验班),665,6288.0,111,base
3106-014,2024,3106,华东政法大学,知识产权,华东政法大学,知识产权(卓越人才实验班),664,6707.0,114,base
3106-014,2025,3106,华东政法大学,知识产权,华东政法大学,知识产权(卓越人才实验班),663,5822.0,117,base
3109-011,2023,3109,上海财经大学(“双一流”建设高校),法学(双学士学位),上海财经大学,"法学(双学士学位,法学和金融学)",670,4593.0,112,base
3109-011,2024,3109,上海财经大学(“双一流”建设高校),法学(双学士学位),上海财经大学,"法学(双学士学位,法学和金融学)",668,5494.0,115,base
3109-011,2025,3109,上海财经大学(“双一流”建设高校),法学(双学士学位),上海财经大学,法学,666,4883.0,117,base
3109-023,2023,3109,上海财经大学(“双一流”建设高校),统计学(前沿交叉),上海财经大学,"统计学(双学士学位,统计与管理学院和商学院培养)",670,4600.0,112,base
3110-503,2023,3110,上海城建职业学院,建筑工程技术(高本贯通),上海城建职业学院,建筑工程技术,493,169621.0,112,base
3110-503,2024,3110,上海城建职业学院,建筑工程技术(高本贯通),上海城建职业学院,建筑工程技术,497,172133.0,115,base
3110-503,2025,3110,上海城建职业学院,建筑工程技术(高本贯通),上海城建职业学院,建筑工程技术,488,186322.0,117,base
3110-504,2025,3110,上海城建职业学院,装配式建筑工程技术,上海城建职业学院,建筑工程技术,488,186322.0,117,contains_unique
3112-012,2025,3112,上海大学(“双一流”建设高校),通信工程(卓越工程师班),上海大学,通信工程,649,11690.0,118,base
3112-013,2025,3112,上海大学(“双一流”建设高校),电子信息工程(卓越工程师班),上海大学,电子信息工程,650,11089.0,118,base
3125-017,2023,3125,上海海事大学,机械电子工程,上海海事大学,机械电子工程(中外合作办学),599,53608.0,115,base
3125-019,2023,3125,上海海事大学,自动化,上海海事大学,机械设计制造及其自动化,623,30896.0,115,contains_unique
3130-510,2024,3130,上海建桥学院,商务日语,上海建桥学院( 民办学校),商务日语(中日学分互认),498,171729.0,120,base
3135-523,2023,3135,上海科学技术职业学院,工业机器人技术(高本贯通),上海科学技术职业学院,工业机器人技术,462,199525.0,117,base
3135-523,2024,3135,上海科学技术职业学院,工业机器人技术(高本贯通),上海科学技术职业学院,工业机器人技术,451,215447.0,120,base
3135-524,2023,3135,上海科学技术职业学院,物联网应用技术(高本贯通),上海科学技术职业学院,物联网应用技术,471,191758.0,117,base
3135-524,2024,3135,上海科学技术职业学院,物联网应用技术(高本贯通),上海科学技术职业学院,物联网应用技术,464,205095.0,120,base
3135-524,2025,3135,上海科学技术职业学院,物联网应用技术(高本贯通),上海科学技术职业学院,物联网应用技术,463,210610.0,123,base
3143-501,2023,3143,上海杉达学院,机电一体化技术(高本贯通),上海杉达学院( 民办学校),机电一体化技术,423,229713.0,119,base
3145-021,2025,3145,上海师范大学,物理学(师范),上海师范大学,物理学(物理电子学),598,53824.0,125,base
3146-001,2025,3146,上海师范大学天华学院,电子信息工程(双语教学),上海师范大学天华学院( 独立学院),电子信息工程,483,191713.0,126,base
3146-002,2025,3146,上海师范大学天华学院,网络工程(双语教学),上海师范大学天华学院( 独立学院),网络工程,480,194038.0,126,base
3146-003,2024,3146,上海师范大学天华学院,人工智能,上海师范大学天华学院( 独立学院),人工智能(双语教学),467,201939.0,123,base
3146-005,2023,3146,上海师范大学天华学院,应用心理学(中外合作办学),上海师范大学天华学院( 独立学院),应用心理学(双语教学),527,132430.0,120,base
3146-005,2024,3146,上海师范大学天华学院,应用心理学(中外合作办学),上海师范大学天华学院( 独立学院),应用心理学(双语教学),540,122192.0,123,base
3146-005,2025,3146,上海师范大学天华学院,应用心理学(中外合作办学),上海师范大学天华学院( 独立学院),应用心理学,531,135964.0,126,base
3146-013,2025,3146,上海师范大学天华学院,国际商务(双语教学),上海师范大学天华学院( 独立学院),国际商务,535,131317.0,126,base
3151-018,2023,3151,上海外国语大学(“双一流”建设高校),翻译(多元方向),上海外国语大学,翻译(卓越外语人才计划),662,7187.0,120,base
3151-019,2023,3151,上海外国语大学(“双一流”建设高校),商务英语(双学位),上海外国语大学,商务英语,659,8657.0,120,base
3151-019,2024,3151,上海外国语大学(“双一流”建设高校),商务英语(双学位),上海外国语大学,商务英语,655,10420.0,124,base
3151-019,2025,3151,上海外国语大学(“双一流”建设高校),商务英语(双学位),上海外国语大学,商务英语,652,10346.0,126,base
3151-020,2023,3151,上海外国语大学(“双一流”建设高校),法语(双学位),上海外国语大学,法语(英语),657,9463.0,120,base
3151-020,2024,3151,上海外国语大学(“双一流”建设高校),法语(双学位),上海外国语大学,法语,654,10820.0,124,base
3151-020,2025,3151,上海外国语大学(“双一流”建设高校),法语(双学位),上海外国语大学,法语,652,9974.0,126,base
3152-003,2023,3152,上海外国语大学贤达经济人文学院,德语(双语班),上海外国语大学贤达经济人文学院( 独立学院),德语(商务方向),507,154662.0,121,base
3152-003,2024,3152,上海外国语大学贤达经济人文学院,德语(双语班),上海外国语大学贤达经济人文学院( 独立学院),德语(商务方向),524,141995.0,124,base
3152-003,2025,3152,上海外国语大学贤达经济人文学院,德语(双语班),上海外国语大学贤达经济人文学院( 独立学院),德语(商务方向),525,143243.0,127,base
3152-016,2023,3152,上海外国语大学贤达经济人文学院,新闻学(双语班),上海外国语大学贤达经济人文学院( 独立学院),新闻学(新媒体方向),535,123281.0,121,base
3152-016,2024,3152,上海外国语大学贤达经济人文学院,新闻学(双语班),上海外国语大学贤达经济人文学院( 独立学院),新闻学(新媒体方向),548,113848.0,124,base
3152-016,2025,3152,上海外国语大学贤达经济人文学院,新闻学(双语班),上海外国语大学贤达经济人文学院( 独立学院),新闻学(新媒体方向),546,117677.0,127,base
3152-022,2023,3152,上海外国语大学贤达经济人文学院,西班牙语(商务方向),上海外国语大学贤达经济人文学院( 独立学院),西班牙语(双语班),514,147669.0,121,base
3152-022,2024,3152,上海外国语大学贤达经济人文学院,西班牙语(商务方向),上海外国语大学贤达经济人文学院( 独立学院),西班牙语(双语班),525,140711.0,124,base
3152-025,2025,3152,上海外国语大学贤达经济人文学院,金融学,上海外国语大学贤达经济人文学院( 独立学院),金融学(全英语教学班),533,133211.0,127,base
3155-514,2024,3155,上海行健职业学院,学前教育,上海行健职业学院,学前教育(高本贯通),513,154805.0,125,base
3159-001,2025,3159,上海应用技术大学,材料科学与工程(卓越工程师计划试点班),上海应用技术大学,材料科学与工程,588,66133.0,127,base
3159-003,2025,3159,上海应用技术大学,机械设计制造及其自动化(卓越工程师计划试点班),上海应用技术大学,机械设计制造及其自动化,602,49560.0,128,base
3159-005,2025,3159,上海应用技术大学,电气工程及其自动化(卓越工程师计划试点班),上海应用技术大学,电气工程及其自动化,598,53709.0,128,base
3159-008,2025,3159,上海应用技术大学,软件工程(卓越工程师计划试点班),上海应用技术大学,软件工程,600,51841.0,128,base
3206-004,2024,3206,东南大学(“双一流”建设高校),未来机器人(未来技术班),东南大学,未来机器人,675,3412.0,129,base
3209-020,2023,3209,河海大学(“双一流”建设高校),农业水利工程(产教融合卓越班),河海大学,农业水利工程,648,13583.0,126,base
3209-020,2024,3209,河海大学(“双一流”建设高校),农业水利工程(产教融合卓越班),河海大学,农业水利工程,643,16419.0,130,base
3209-020,2025,3209,河海大学(“双一流”建设高校),农业水利工程(产教融合卓越班),河海大学,农业水利工程,636,18816.0,133,base
3209-021,2023,3209,河海大学(“双一流”建设高校),海洋科学(科教融汇菁英班),河海大学,海洋科学,642,17285.0,126,base
3209-021,2024,3209,河海大学(“双一流”建设高校),海洋科学(科教融汇菁英班),河海大学,海洋科学,635,21253.0,130,base
3209-021,2025,3209,河海大学(“双一流”建设高校),海洋科学(科教融汇菁英班),河海大学,海洋科学,633,21010.0,133,base
3209-028,2023,3209,河海大学(“双一流”建设高校),工程管理(数智创新班),河海大学,工程管理,646,14695.0,126,base
3209-028,2024,3209,河海大学(“双一流”建设高校),工程管理(数智创新班),河海大学,工程管理,639,18881.0,130,base
3209-031,2023,3209,河海大学(“双一流”建设高校),人力资源管理(产教融合卓越班),河海大学,人力资源管理,649,13278.0,126,base
3209-031,2024,3209,河海大学(“双一流”建设高校),人力资源管理(产教融合卓越班),河海大学,人力资源管理,650,12780.0,130,base
3209-031,2025,3209,河海大学(“双一流”建设高校),人力资源管理(产教融合卓越班),河海大学,人力资源管理,646,13153.0,133,base
3209-036,2023,3209,河海大学(“双一流”建设高校),法学(产教融合卓越班),河海大学,法学,656,9893.0,126,base
3209-036,2024,3209,河海大学(“双一流”建设高校),法学(产教融合卓越班),河海大学,法学,656,9618.0,130,base
3209-036,2025,3209,河海大学(“双一流”建设高校),法学(产教融合卓越班),河海大学,法学,654,9373.0,133,base
3209-037,2023,3209,河海大学(“双一流”建设高校),英语(产教融合卓越班),河海大学,英语,646,14822.0,126,base
3209-037,2024,3209,河海大学(“双一流”建设高校),英语(产教融合卓越班),河海大学,英语,649,13254.0,130,base
3209-038,2024,3209,河海大学(“双一流”建设高校),工程力学(徐芝纶拔尖人才培养班),河海大学,工程力学,646,14403.0,130,base
3209-038,2025,3209,河海大学(“双一流”建设高校),工程力学(徐芝纶拔尖人才培养班),河海大学,工程力学,642,15574.0,133,base
3209-040,2025,3209,河海大学(“双一流”建设高校),水利类(大禹拔尖人才培养班),河海大学,水利类(大禹班),647,12310.0,133,base
3209-048,2023,3209,河海大学(“双一流”建设高校),物联网工程(产教融合卓越班),河海大学,物联网工程,651,12240.0,127,base
3209-048,2024,3209,河海大学(“双一流”建设高校),物联网工程(产教融合卓越班),河海大学,物联网工程,651,11868.0,130,base
3209-048,2025,3209,河海大学(“双一流”建设高校),物联网工程(产教融合卓越班),河海大学,物联网工程,646,12944.0,133,base
3209-053,2025,3209,河海大学(“双一流”建设高校),材料科学与工程(产教融合卓越班),河海大学,材料科学与工程,636,19406.0,133,base
3209-055,2023,3209,河海大学(“双一流”建设高校),智能制造工程(未来技术班),河海大学,智能制造工程,650,12825.0,126,base
3216-043,2023,3216,江南大学(“双一流”建设高校),汉语言文学,江南大学,汉语言文学(师范),650,12732.0,128,base
3216-043,2024,3216,江南大学(“双一流”建设高校),汉语言文学,江南大学,汉语言文学(师范),651,12297.0,132,base
3216-044,2023,3216,江南大学(“双一流”建设高校),人工智能教育,江南大学,人工智能,648,13674.0,128,contains_unique
3216-044,2024,3216,江南大学(“双一流”建设高校),人工智能教育,江南大学,人工智能,647,14250.0,132,contains_unique
3216-044,2025,3216,江南大学(“双一流”建设高校),人工智能教育,江南大学,人工智能,642,15126.0,135,contains_unique
3216-053,2023,3216,江南大学(“双一流”建设高校),大数据管理与应用(中外合作办学),江南大学,大数据管理与应用,647,14442.0,128,base
3216-053,2024,3216,江南大学(“双一流”建设高校),大数据管理与应用(中外合作办学),江南大学,大数据管理与应用,644,15704.0,132,base
3217-010,2023,3217,无锡太湖学院,英语(数智人文创新班),无锡太湖学院( 民办学校),英语,524,136289.0,128,base
3217-010,2024,3217,无锡太湖学院,英语(数智人文创新班),无锡太湖学院( 民办学校),英语,543,119725.0,132,base
3217-010,2025,3217,无锡太湖学院,英语(数智人文创新班),无锡太湖学院( 民办学校),商务英语,545,118534.0,135,contains_unique
3224-014,2023,3224,江苏理工学院,应用化学,江苏理工学院,应用化学(师范),576,77606.0,130,base
3238-007,2023,3238,南京财经大学,商务英语,南京财经大学,英语,619,34947.0,132,contains_unique
3238-007,2024,3238,南京财经大学,商务英语,南京财经大学,英语,621,32696.0,136,contains_unique
3238-007,2025,3238,南京财经大学,商务英语,南京财经大学,英语,615,36249.0,139,contains_unique
3246-005,2024,3246,南京航空航天大学(“双一流”建设高校),能源与动力工程(拔尖创新班),南京航空航天大学,能源与动力工程,655,10154.0,138,base
3246-005,2025,3246,南京航空航天大学(“双一流”建设高校),能源与动力工程(拔尖创新班),南京航空航天大学,能源与动力工程,651,10610.0,141,base
3246-019,2023,3246,南京航空航天大学(“双一流”建设高校),信息与计算科学(信息与计算科学+人工智能双学士学位培养项目),南京航空航天大学,信息与计算科学,658,8669.0,135,base
3246-019,2024,3246,南京航空航天大学(“双一流”建设高校),信息与计算科学(信息与计算科学+人工智能双学士学位培养项目),南京航空航天大学,信息与计算科学,658,8975.0,139,base
3246-031,2024,3246,南京航空航天大学(“双一流”建设高校),工业工程(中外合作办学),南京航空航天大学,工业工程,652,11751.0,139,base
3246-033,2023,3246,南京航空航天大学(“双一流”建设高校),应用物理学(应用物理学+电子信息科学与技术双学士学位培养项目),南京航空航天大学,应用物理学,653,11166.0,135,base
3246-033,2024,3246,南京航空航天大学(“双一流”建设高校),应用物理学(应用物理学+电子信息科学与技术双学士学位培养项目),南京航空航天大学,应用物理学,652,11545.0,139,base
3246-033,2025,3246,南京航空航天大学(“双一流”建设高校),应用物理学(应用物理学+电子信息科学与技术双学士学位培养项目),南京航空航天大学,应用物理学(应用物理学+电子信息科学与技术双学士学位),652,10142.0,141,base
3258-017,2025,3258,南京审计大学金审学院,养老服务管理(中外合作办学),南京审计大学金审学院( 独立学院),养老服务管理,559,101172.0,145,base
3259-008,2023,3259,南京师范大学(“双一流”建设高校),应用心理学(师范),南京师范大学,应用心理学,659,8300.0,138,base
3259-008,2024,3259,南京师范大学(“双一流”建设高校),应用心理学(师范),南京师范大学,"应用心理学(创新实验班,含师范)",657,9484.0,142,base
3263-028,2023,3263,南京特殊教育师范学院,数据科学与大数据技术(中外合作办学),南京特殊教育师范学院,数据科学与大数据技术,544,112730.0,139,base
3263-028,2024,3263,南京特殊教育师范学院,数据科学与大数据技术(中外合作办学),南京特殊教育师范学院,数据科学与大数据技术,529,135058.0,143,base
3263-028,2025,3263,南京特殊教育师范学院,数据科学与大数据技术(中外合作办学),南京特殊教育师范学院,数据科学与大数据技术,530,136303.0,146,base
3263-029,2023,3263,南京特殊教育师范学院,听力与言语康复学(中外合作办学),南京特殊教育师范学院,听力与言语康复学,540,117679.0,139,base
3263-029,2024,3263,南京特殊教育师范学院,听力与言语康复学(中外合作办学),南京特殊教育师范学院,听力与言语康复学,520,146587.0,143,base
3263-029,2025,3263,南京特殊教育师范学院,听力与言语康复学(中外合作办学),南京特殊教育师范学院,听力与言语康复学,530,136951.0,146,base
3267-018,2023,3267,南京信息工程大学(“双一流”建设高校),电子信息工程,南京信息工程大学,信息工程,638,20023.0,139,contains_unique
3267-018,2024,3267,南京信息工程大学(“双一流”建设高校),电子信息工程,南京信息工程大学,信息工程,635,21783.0,144,contains_unique
3267-026,2023,3267,南京信息工程大学(“双一流”建设高校),光电信息科学与工程(双学士学位复合型人才培养项目),南京信息工程大学,光电信息科学与工程,635,22060.0,140,base
3267-026,2024,3267,南京信息工程大学(“双一流”建设高校),光电信息科学与工程(双学士学位复合型人才培养项目),南京信息工程大学,光电信息科学与工程,633,22934.0,144,base
3267-026,2025,3267,南京信息工程大学(“双一流”建设高校),光电信息科学与工程(双学士学位复合型人才培养项目),南京信息工程大学,光电信息科学与工程,631,22423.0,147,base
3273-017,2025,3273,南京邮电大学(“双一流”建设高校),应用物理学(双学士学位复合型人才培养项目),南京邮电大学,应用物理学,637,18148.0,148,base
3273-018,2025,3273,南京邮电大学(“双一流”建设高校),物流管理(双学士学位复合型人才培养项目),南京邮电大学,物流管理,635,19687.0,148,base
3273-019,2025,3273,南京邮电大学(“双一流”建设高校),信息管理与信息系统(双学士学位复合型人才培养项目),南京邮电大学,信息管理与信息系统,635,19807.0,148,base
3275-003,2023,3275,南京中医药大学(“双一流”建设高校),中西医临床医学,南京中医药大学,临床医学(老年医学),622,32073.0,141,contains_unique
3275-003,2024,3275,南京中医药大学(“双一流”建设高校),中西医临床医学,南京中医药大学,临床医学,621,32486.0,146,contains_unique
3275-007,2023,3275,南京中医药大学(“双一流”建设高校),药学(中外合作办学),南京中医药大学,中药学类,602,50581.0,141,contains_unique
3275-007,2024,3275,南京中医药大学(“双一流”建设高校),药学(中外合作办学),南京中医药大学,中药学类,608,44767.0,146,contains_unique
3275-007,2025,3275,南京中医药大学(“双一流”建设高校),药学(中外合作办学),南京中医药大学,中药学,600,51520.0,148,contains_unique
3275-008,2024,3275,南京中医药大学(“双一流”建设高校),医学信息工程(中外合作办学),南京中医药大学,医学信息工程,611,42245.0,146,base
3275-008,2025,3275,南京中医药大学(“双一流”建设高校),医学信息工程(中外合作办学),南京中医药大学,医学信息工程,608,43128.0,148,base
3281-032,2023,3281,苏州大学(“双一流”建设高校),药学(中外合作办学),苏州大学,药学(省拔尖人才培养基地),654,10659.0,143,base
3306-005,2025,3306,扬州大学,物理学(含师范),扬州大学,物理学,611,40133.0,153,base
3315-004,2023,3315,中国矿业大学(“双一流”建设高校),自动化,中国矿业大学,电气工程及其自动化,647,14543.0,148,contains_unique
3315-004,2024,3315,中国矿业大学(“双一流”建设高校),自动化,中国矿业大学,电气工程及其自动化,647,14231.0,152,contains_unique
3325-005,2024,3325,中国人民大学(苏州校区)(“双一流”建设高校),传播学(中外合作办学)(国际传播方向),中国人民大学( 苏州校区),传播学(中外合作办学)(国际传播拔尖创新班),662,7539.0,154,base
3325-007,2025,3325,中国人民大学(苏州校区)(“双一流”建设高校),数据科学与大数据技术(中外合作办学),中国人民大学( 苏州校区),数据科学与大数据技术(AI与智慧治理方向),669,3944.0,156,base
3358-017,2023,3358,宿迁学院,电子商务(与北京京东世纪贸易有限公司联合培养),宿迁学院,电子商务,557,98769.0,153,base
3358-017,2024,3358,宿迁学院,电子商务(与北京京东世纪贸易有限公司联合培养),宿迁学院,电子商务,579,77338.0,157,base
3358-017,2025,3358,宿迁学院,电子商务(与北京京东世纪贸易有限公司联合培养),宿迁学院,电子商务,574,82978.0,159,base
3358-018,2023,3358,宿迁学院,土木工程(创新班),宿迁学院,土木工程,534,124018.0,153,base
3358-018,2024,3358,宿迁学院,土木工程(创新班),宿迁学院,土木工程,522,143626.0,157,base
3358-018,2025,3358,宿迁学院,土木工程(创新班),宿迁学院,土木工程,519,149646.0,159,base
3422-020,2023,3422,安徽农业大学,环境科学,安徽农业大学,环境科学与工程类,571,83604.0,156,contains_unique
3422-020,2024,3422,安徽农业大学,环境科学,安徽农业大学,环境科学与工程类,502,167083.0,161,contains_unique
3425-023,2023,3425,安徽师范大学,应用化学,安徽师范大学,化学(师范),601,51330.0,157,contains_unique
3425-023,2024,3425,安徽师范大学,应用化学,安徽师范大学,化学(师范),578,77775.0,161,contains_unique
3425-026,2023,3425,安徽师范大学,能源化学工程,安徽师范大学,化学(师范),601,51330.0,157,contains_unique
3425-026,2024,3425,安徽师范大学,能源化学工程,安徽师范大学,化学(师范),578,77775.0,161,contains_unique
3425-026,2025,3425,安徽师范大学,能源化学工程,安徽师范大学,化学(师范),578,78202.0,164,contains_unique
3445-003,2023,3445,合肥工业大学(“双一流”建设高校),智能车辆工程(创新实验班),合肥工业大学,智能车辆工程,642,17177.0,159,base
3451-008,2023,3451,淮南师范学院,英语(师范),淮南师范学院,商务英语,553,103077.0,160,contains_unique
3461-505,2024,3461,黄山职业技术学院,学前教育(师范),黄山职业技术学院,学前教育,418,237828.0,165,base
3474-507,2024,3474,安徽交通职业技术学院,数字媒体技术,安徽交通职业技术学院,数字媒体技术(中外合作办学),415,239812.0,165,base
3474-507,2025,3474,安徽交通职业技术学院,数字媒体技术,安徽交通职业技术学院,数字媒体技术(中外合作办学),428,237840.0,168,base
3511-009,2023,3511,福建师范大学,英语(师范),福建师范大学,英语,614,38651.0,162,base
3512-015,2023,3512,福建师范大学协和学院,财务管理,福建师范大学协和学院( 独立学院),财务管理(国际会计实验班),526,133258.0,163,base
3512-015,2024,3512,福建师范大学协和学院,财务管理,福建师范大学协和学院( 独立学院),财务管理(国际会计实验班),544,117509.0,167,base
3512-015,2025,3512,福建师范大学协和学院,财务管理,福建师范大学协和学院( 独立学院),财务管理(国际会计实验班),548,114748.0,170,base
3512-016,2023,3512,福建师范大学协和学院,金融学,福建师范大学协和学院( 独立学院),金融学(国际金融实验班),525,134828.0,163,base
3512-016,2024,3512,福建师范大学协和学院,金融学,福建师范大学协和学院( 独立学院),金融学(国际金融实验班),541,121733.0,167,base
3512-016,2025,3512,福建师范大学协和学院,金融学,福建师范大学协和学院( 独立学院),金融学(国际金融实验班),542,122586.0,170,base
3516-005,2024,3516,福建中医药大学,临床医学,福建中医药大学,中西医临床医学,622,31731.0,168,contains_unique
3517-024,2023,3517,福州大学(“双一流”建设高校),机械设计制造及其自动化,福州大学,自动化(中外合作办学),632,23910.0,164,contains_unique
3517-024,2024,3517,福州大学(“双一流”建设高校),机械设计制造及其自动化,福州大学,自动化(中外合作办学),632,23948.0,168,contains_unique
3517-024,2025,3517,福州大学(“双一流”建设高校),机械设计制造及其自动化,福州大学,自动化(中外合作办学),627,25500.0,171,contains_unique
3518-027,2025,3518,阳光学院,电子商务,阳光学院( 民办学校),电子商务(中外合作办学),466,207703.0,172,base
3523-048,2024,3523,华侨大学,市场营销(双学士学位项目),华侨大学,市场营销,601,52419.0,170,base
3523-048,2025,3523,华侨大学,市场营销(双学士学位项目),华侨大学,市场营销(智慧营销方向),594,59122.0,173,base
3523-053,2024,3523,华侨大学,经济学类(中美121双学位班),华侨大学,"经济学类(中美121双学位班,可接轨CFA金融分析师)",601,52791.0,170,base
3523-054,2024,3523,华侨大学,工商管理类(中美121双学位班),华侨大学,"工商管理类(中美121双学位班,可接轨ACCA国际注会)",604,49695.0,170,base
3524-017,2023,3524,集美大学,数学与应用数学(双学士学位项目),集美大学,数学与应用数学,598,53986.0,166,base
3524-017,2024,3524,集美大学,数学与应用数学(双学士学位项目),集美大学,数学与应用数学,590,63956.0,170,base
3529-003,2023,3529,闽江大学,计算机科学与技术(中外合作办学),闽江学院,计算机科学与技术,573,80673.0,166,base
3529-003,2024,3529,闽江大学,计算机科学与技术(中外合作办学),闽江学院,计算机科学与技术,564,94571.0,171,base
3529-003,2025,3529,闽江大学,计算机科学与技术(中外合作办学),闽江学院,计算机科学与技术,566,91900.0,174,base
3529-005,2023,3529,闽江大学,电子商务(中外合作办学),闽江学院,电子商务,561,94052.0,166,base
3529-005,2024,3529,闽江大学,电子商务(中外合作办学),闽江学院,电子商务,578,77646.0,171,base
3529-005,2025,3529,闽江大学,电子商务(中外合作办学),闽江学院,电子商务,575,81847.0,174,base
3532-514,2023,3532,宁德职业技术学院,学前教育,宁德职业技术学院,学前教育(师范),475,188326.0,166,base
3532-514,2025,3532,宁德职业技术学院,学前教育,宁德职业技术学院,学前教育(师范),477,197979.0,174,base
3532-515,2023,3532,宁德职业技术学院,小学教育,宁德职业技术学院,小学教育(师范),502,160171.0,166,base
3532-515,2024,3532,宁德职业技术学院,小学教育,宁德职业技术学院,小学教育(师范),511,157018.0,171,base
3532-515,2025,3532,宁德职业技术学院,小学教育,宁德职业技术学院,小学教育(师范),511,159697.0,175,base
3535-518,2024,3535,泉州经贸职业技术学院,艺术设计,泉州经贸职业技术学院,广告艺术设计,433,228704.0,172,contains_unique
3535-518,2025,3535,泉州经贸职业技术学院,艺术设计,泉州经贸职业技术学院,广告艺术设计,443,227347.0,175,contains_unique
3541-019,2023,3541,武夷学院,汉语言文学(师范),武夷学院,汉语言文学,580,73829.0,168,base
3541-019,2024,3541,武夷学院,汉语言文学(师范),武夷学院,汉语言文学,593,61469.0,173,base
3543-009,2023,3543,厦门大学(“双一流”建设高校),"会计学(会计,财务,审计,含双学士学位项目选拔)",厦门大学,会计学,672,3991.0,168,base
3543-009,2025,3543,厦门大学(“双一流”建设高校),"会计学(会计,财务,审计,含双学士学位项目选拔)",厦门大学,"会计学(会计学,财务管理,审计学,含双学士学位项目)",669,3958.0,177,base
3553-008,2024,3553,闽南师范大学,经济学(中外高水平大学学生交流计划),闽南师范大学,经济学,582,73878.0,175,base
3553-009,2025,3553,闽南师范大学,数据计算及应用(中美人才培养计划实验班),闽南师范大学,数据计算及应用,510,161053.0,178,base
3553-010,2023,3553,闽南师范大学,心理学(中美人才培养计划实验班),闽南师范大学,心理学(师范),594,58518.0,171,base
3553-010,2025,3553,闽南师范大学,心理学(中美人才培养计划实验班),闽南师范大学,心理学,569,89195.0,178,base
3562-507,2023,3562,福州墨尔本理工职业学院,人工智能技术应用(中外合作办学),福州墨尔本理工职业学院( 中外合作办学),人工智能(厦门大学马来西亚分校招生专业),639,19271.0,172,contains_unique
3601-013,2023,3601,东华理工大学,数学与应用数学(中外合作办学),东华理工大学,"数学与应用数学(含金融,软件设计方向)",573,80802.0,173,base
3601-013,2024,3601,东华理工大学,数学与应用数学(中外合作办学),东华理工大学,"数学与应用数学(含金融,软件设计方向)",548,113434.0,177,base
3601-013,2025,3601,东华理工大学,数学与应用数学(中外合作办学),东华理工大学,数学与应用数学,551,110328.0,181,base
3603-028,2025,3603,赣南师范大学,材料化学,赣南师范大学,化学(师范),542,121966.0,182,contains_unique
3613-015,2023,3613,江西服装学院,服装设计与工程(中外合作办学),江西服装学院( 民办学校),服装设计与工程,518,142778.0,176,base
3616-508,2023,3616,江西工业贸易职业技术学院,数字媒体技术(中外合作办学),江西工业贸易职业技术学院,数字媒体技术,431,223748.0,178,base
3616-510,2023,3616,江西工业贸易职业技术学院,大数据与会计(中外合作办学),江西工业贸易职业技术学院,大数据与会计,427,226620.0,178,base
3619-015,2023,3619,江西科技师范大学,应用化学,江西科技师范大学,应用化学(含职教师范),571,83223.0,178,base
3619-015,2024,3619,江西科技师范大学,应用化学,江西科技师范大学,应用化学(职教师范),490,179534.0,183,base
3619-017,2023,3619,江西科技师范大学,土木工程,江西科技师范大学,土木工程(含职教师范),566,88525.0,178,base
3619-018,2023,3619,江西科技师范大学,建筑环境与能源应用工程,江西科技师范大学,建筑环境与能源应用工程(含职教师范),555,101015.0,178,base
3619-023,2023,3619,江西科技师范大学,数学与应用数学,江西科技师范大学,数学与应用数学(师范),590,62676.0,178,base
3619-023,2024,3619,江西科技师范大学,数学与应用数学,江西科技师范大学,数学与应用数学(师范),579,76907.0,183,base
3619-023,2025,3619,江西科技师范大学,数学与应用数学,江西科技师范大学,数学与应用数学(师范),572,84795.0,186,base
3619-028,2025,3619,江西科技师范大学,旅游管理(职教师范),江西科技师范大学,旅游管理,575,82059.0,186,base
3619-036,2024,3619,江西科技师范大学,人工智能教育(师范),江西科技师范大学,人工智能,557,102645.0,183,contains_unique
3619-036,2025,3619,江西科技师范大学,人工智能教育(师范),江西科技师范大学,人工智能,559,101255.0,186,contains_unique
3622-003,2025,3622,江西理工大学,金属材料工程,江西理工大学,金属材料工程(赣州校区),554,106720.0,187,base
3622-032,2025,3622,江西理工大学,冶金工程,江西理工大学,冶金工程(赣州校区),573,83972.0,188,base
3622-040,2023,3622,江西理工大学,环境工程(中外合作办学),江西理工大学,环境工程,568,86569.0,179,base
3622-040,2024,3622,江西理工大学,环境工程(中外合作办学),江西理工大学,环境工程,489,180247.0,184,base
3623-003,2024,3623,赣南科技学院,自动化,赣南科技学院,电气工程及其自动化,541,121534.0,185,contains_unique
3623-003,2025,3623,赣南科技学院,自动化,赣南科技学院,电气工程及其自动化,544,119928.0,188,contains_unique
3625-012,2023,3625,江西农业大学,水产养殖学(农经管双学士学位),江西农业大学,水产养殖学,563,92469.0,180,base
3625-012,2024,3625,江西农业大学,水产养殖学(农经管双学士学位),江西农业大学,水产养殖学,488,181253.0,185,base
3625-012,2025,3625,江西农业大学,水产养殖学(农经管双学士学位),江西农业大学,水产养殖学,525,142784.0,188,base
3625-013,2023,3625,江西农业大学,农业机械化及其自动化(惟义实验班),江西农业大学,农业机械化及其自动化,566,88537.0,180,base
3625-026,2025,3625,江西农业大学,农业资源与环境(土地管理双学士学位),江西农业大学,农业资源与环境,535,130855.0,189,base
3626-005,2023,3626,江西农业大学南昌商学院,英语,江西农业大学南昌商学院( 独立学院),商务英语,533,126024.0,180,contains_unique
3626-005,2024,3626,江西农业大学南昌商学院,英语,江西农业大学南昌商学院( 独立学院),商务英语,548,113142.0,185,contains_unique
3626-005,2025,3626,江西农业大学南昌商学院,英语,江西农业大学南昌商学院( 独立学院),商务英语,553,108401.0,189,contains_unique
3627-048,2023,3627,江西师范大学,工程管理(工管与英语双学士学位),江西师范大学,工程管理,541,116716.0,181,base
3627-048,2024,3627,江西师范大学,工程管理(工管与英语双学士学位),江西师范大学,工程管理,571,86091.0,186,base
3627-048,2025,3627,江西师范大学,工程管理(工管与英语双学士学位),江西师范大学,工程管理(英语双学位),569,88962.0,190,base
3627-051,2023,3627,江西师范大学,人工智能(中外合作办学),江西师范大学,人工智能,603,49457.0,181,base
3627-051,2024,3627,江西师范大学,人工智能(中外合作办学),江西师范大学,人工智能,596,57702.0,186,base
3627-051,2025,3627,江西师范大学,人工智能(中外合作办学),江西师范大学,人工智能,598,54072.0,190,base
3635-510,2023,3635,江西应用工程职业学院,建筑工程技术(中外合作办学),江西应用工程职业学院,建筑工程技术,420,231623.0,182,base
3637-014,2023,3637,江西中医药大学,药学,江西中医药大学,中药学,579,74504.0,182,contains_unique
3637-014,2024,3637,江西中医药大学,药学,江西中医药大学,中药学,558,101090.0,187,contains_unique
3638-012,2023,3638,南昌医学院,口腔医学,南昌医学院,口腔医学技术,578,75539.0,183,contains_unique
3640-012,2025,3640,井冈山大学,化学(师范),井冈山大学,化学,517,152352.0,192,base
3640-018,2025,3640,井冈山大学,汉语言文学(师范),井冈山大学,汉语言文学,584,70452.0,192,base
3649-003,2023,3649,南昌航空大学,复合材料与工程(中外合作办学),南昌航空大学,复合材料与工程,560,95471.0,185,base
3649-003,2024,3649,南昌航空大学,复合材料与工程(中外合作办学),南昌航空大学,复合材料与工程,562,96838.0,190,base
3649-003,2025,3649,南昌航空大学,复合材料与工程(中外合作办学),南昌航空大学,复合材料与工程,582,73064.0,194,base
3649-030,2023,3649,南昌航空大学,生物医学工程(中外合作办学),南昌航空大学,生物医学工程(医疗电子与软件),575,79079.0,186,base
3649-030,2024,3649,南昌航空大学,生物医学工程(中外合作办学),南昌航空大学,生物医学工程,570,87432.0,191,base
3649-030,2025,3649,南昌航空大学,生物医学工程(中外合作办学),南昌航空大学,生物医学工程,570,87566.0,194,base
3649-031,2023,3649,南昌航空大学,光电信息科学与工程(中外合作办学),南昌航空大学,光电信息科学与工程,584,68824.0,186,base
3649-031,2024,3649,南昌航空大学,光电信息科学与工程(中外合作办学),南昌航空大学,光电信息科学与工程,582,73117.0,191,base
3649-031,2025,3649,南昌航空大学,光电信息科学与工程(中外合作办学),南昌航空大学,光电信息科学与工程,587,66811.0,195,base
3650-007,2023,3650,南昌航空大学科技学院,自动化,南昌航空大学科技学院( 独立学院),机械设计制造及其自动化,527,132590.0,186,contains_unique
3650-007,2024,3650,南昌航空大学科技学院,自动化,南昌航空大学科技学院( 独立学院),机械设计制造及其自动化,510,157803.0,191,contains_unique
3654-014,2023,3654,上饶师范学院,应用化学,上饶师范学院,化学(师范),556,99435.0,187,contains_unique
3655-516,2023,3655,上饶职业技术学院,汽车检测与维修技术,上饶职业技术学院,汽车检测与维修技术(中外合作办学),414,235011.0,187,base
3658-514,2023,3658,江西科技职业学院,护理,江西科技职业学院( 民办学校),护理(中外合作办学),365,259140.0,188,base
3658-514,2024,3658,江西科技职业学院,护理,江西科技职业学院( 民办学校),护理(中外合作办学),354,265486.0,193,base
3658-525,2023,3658,江西科技职业学院,电子商务,江西科技职业学院( 民办学校),电子商务(中外合作办学),327,269041.0,188,base
3658-525,2024,3658,江西科技职业学院,电子商务,江西科技职业学院( 民办学校),电子商务(中外合作办学),311,274477.0,193,base
3679-526,2023,3679,江西水利职业学院,水利工程(中外合作办学),江西水利职业学院,水利工程,430,224998.0,190,base
3691-508,2023,3691,江西工商职业技术学院,大数据与会计(中外合作办学),江西工商职业技术学院( 民办学校),大数据与会计,435,220944.0,191,base
3691-511,2023,3691,江西工商职业技术学院,学前教育(中外合作办学),江西工商职业技术学院( 民办学校),学前教育,411,237170.0,191,base
3702-004,2023,3702,山东医药大学,口腔医学(数智卓越班),滨州医学院,口腔医学,629,26094.0,193,base
3709-009,2023,3709,济宁医学院,临床药学,济宁医学院,药学,568,86394.0,194,contains_unique
3709-009,2024,3709,济宁医学院,临床药学,济宁医学院,药学,488,181585.0,199,contains_unique
3717-002,2023,3717,青岛恒星科技学院,人工智能(中外合作办学),青岛恒星科技学院( 民办学校),人工智能,506,155416.0,195,base
3717-002,2024,3717,青岛恒星科技学院,人工智能(中外合作办学),青岛恒星科技学院( 民办学校),人工智能,475,194204.0,201,base
3717-006,2023,3717,青岛恒星科技学院,护理学,青岛恒星科技学院( 民办学校),护理,440,217815.0,195,contains_unique
3717-525,2024,3717,青岛恒星科技学院,护理,青岛恒星科技学院( 民办学校),护理学,547,114543.0,201,contains_unique
3720-022,2023,3720,青岛理工大学,电气工程及其自动化,青岛理工大学,自动化,597,55007.0,196,contains_unique
3720-022,2024,3720,青岛理工大学,电气工程及其自动化,青岛理工大学,自动化,593,60949.0,202,contains_unique
3720-022,2025,3720,青岛理工大学,电气工程及其自动化,青岛理工大学,自动化,593,59748.0,207,contains_unique
3720-044,2023,3720,青岛理工大学,建筑学(中外合作办学)(与韩国光云大学合作),青岛理工大学,建筑学,607,45228.0,196,base
3720-044,2024,3720,青岛理工大学,建筑学(中外合作办学)(与韩国光云大学合作),青岛理工大学,建筑学,602,51439.0,202,base
3720-047,2023,3720,青岛理工大学,软件工程(中外合作办学)(与匈牙利潘诺尼亚大学合作),青岛理工大学,软件工程,596,55966.0,196,base
3720-047,2024,3720,青岛理工大学,软件工程(中外合作办学)(与匈牙利潘诺尼亚大学合作),青岛理工大学,软件工程,592,61811.0,202,base
3720-047,2025,3720,青岛理工大学,软件工程(中外合作办学)(与匈牙利潘诺尼亚大学合作),青岛理工大学,软件工程,591,61975.0,207,base
3723-502,2023,3723,青岛求实职业技术学院,动物药学,青岛求实职业技术学院( 民办学校),药学,430,224412.0,197,contains_unique
3723-502,2024,3723,青岛求实职业技术学院,动物药学,青岛求实职业技术学院( 民办学校),药学,431,230048.0,203,contains_unique
3725-005,2023,3725,曲阜师范大学,英语,曲阜师范大学,商务英语,573,81344.0,197,contains_unique
3731-014,2023,3731,山东大学(“双一流”建设高校),能源动力类(电气与智慧能源新工科实验班),山东大学,能源动力类,658,9079.0,198,base
3731-014,2024,3731,山东大学(“双一流”建设高校),能源动力类(电气与智慧能源新工科实验班),山东大学,能源动力类,658,9018.0,204,base
3731-017,2024,3731,山东大学(“双一流”建设高校),计算机类(智能软件与芯片新工科实验班),山东大学,计算机类(软件数媒与大数据方向),660,7988.0,204,base
3732-015,2023,3732,山东大学威海分校(“双一流”建设高校),电子信息类(智能工程新工科实验班),山东大学威海分校,电子信息类,658,8904.0,199,base
3732-015,2024,3732,山东大学威海分校(“双一流”建设高校),电子信息类(智能工程新工科实验班),山东大学威海分校,电子信息类,658,8874.0,205,base
3734-001,2023,3734,山东工商学院,统计学,山东工商学院,应用统计学,568,86747.0,199,contains_unique
3734-032,2023,3734,山东工商学院,市场营销(中外合作办学)(与美国莫瑞州立大学合作),山东工商学院,市场营销,550,107080.0,199,base
3734-032,2024,3734,山东工商学院,市场营销(中外合作办学)(与美国莫瑞州立大学合作),山东工商学院,市场营销,570,86975.0,205,base
3737-003,2023,3737,山东建筑大学,建筑环境与能源应用工程(智慧能源创新实验班),山东建筑大学,建筑环境与能源应用工程,558,97793.0,199,base
3737-003,2024,3737,山东建筑大学,建筑环境与能源应用工程(智慧能源创新实验班),山东建筑大学,建筑环境与能源应用工程,533,130617.0,205,base
3737-003,2025,3737,山东建筑大学,建筑环境与能源应用工程(智慧能源创新实验班),山东建筑大学,建筑环境与能源应用工程,534,131406.0,211,base
3737-016,2023,3737,山东建筑大学,机械工程(中外合作办学),山东建筑大学,机械工程,561,94482.0,199,base
3737-016,2024,3737,山东建筑大学,机械工程(中外合作办学),山东建筑大学,机械工程,554,105905.0,205,base
3737-016,2025,3737,山东建筑大学,机械工程(中外合作办学),山东建筑大学,机械工程,557,102972.0,211,base
3738-012,2023,3738,山东交通学院,土木工程(中外合作办学),山东交通学院,土木工程,542,115816.0,200,base
3738-012,2024,3738,山东交通学院,土木工程(中外合作办学),山东交通学院,土木工程,505,163120.0,206,base
3743-006,2023,3743,山东理工大学,电气工程及其自动化,山东理工大学,自动化,591,62094.0,200,contains_unique
3745-008,2023,3745,山东农业大学,风景园林,山东农业大学,园林,567,87495.0,201,contains_unique
3745-008,2024,3745,山东农业大学,风景园林,山东农业大学,园林,583,72282.0,207,contains_unique
3745-014,2024,3745,山东农业大学,自动化,山东农业大学,电气工程及其自动化,572,84597.0,207,contains_unique
3745-025,2024,3745,山东农业大学,商务英语,山东农业大学,英语,589,65887.0,207,contains_unique
3748-006,2025,3748,山东师范大学,英语,山东师范大学,英语(语言科学创新实验班),591,62047.0,213,base
3750-504,2023,3750,齐鲁医药学院,护理,齐鲁医药学院( 民办学校),护理学,559,96746.0,202,contains_unique
3750-504,2024,3750,齐鲁医药学院,护理,齐鲁医药学院( 民办学校),护理学,508,159593.0,208,contains_unique
3750-507,2023,3750,齐鲁医药学院,中药学,齐鲁医药学院( 民办学校),药学,554,102132.0,202,contains_unique
3750-510,2024,3750,齐鲁医药学院,口腔医学技术,齐鲁医药学院( 民办学校),口腔医学,570,86919.0,208,contains_unique
3751-504,2023,3751,山东现代学院,中药学,山东现代学院( 民办学校),药学,539,118867.0,202,contains_unique
3751-505,2023,3751,山东现代学院,护理,山东现代学院( 民办学校),护理学,539,118905.0,202,contains_unique
3756-004,2023,3756,山东英才学院,护理学,山东英才学院( 民办学校),护理,458,202778.0,203,contains_unique
3756-004,2024,3756,山东英才学院,护理学,山东英才学院( 民办学校),护理,440,223649.0,209,contains_unique
3756-004,2025,3756,山东英才学院,护理学,山东英才学院( 民办学校),护理,340,276673.0,214,contains_unique
3760-020,2023,3760,烟台大学,英语(中外高水平大学学生交流计划),烟台大学,英语,588,65140.0,203,base
3760-020,2024,3760,烟台大学,英语(中外高水平大学学生交流计划),烟台大学,英语,595,58932.0,209,base
3761-004,2023,3761,烟台南山学院,电气工程及其自动化,烟台南山学院( 民办学校),自动化,517,143665.0,203,contains_unique
3761-004,2024,3761,烟台南山学院,电气工程及其自动化,烟台南山学院( 民办学校),自动化,483,186607.0,210,contains_unique
3761-009,2024,3761,烟台南山学院,日语,烟台南山学院( 民办学校),商务日语,405,245103.0,210,contains_unique
3761-502,2023,3761,烟台南山学院,电气自动化技术,烟台南山学院( 民办学校),自动化,517,143665.0,203,contains_unique
3761-502,2024,3761,烟台南山学院,电气自动化技术,烟台南山学院( 民办学校),自动化,483,186607.0,210,contains_unique
3761-504,2023,3761,烟台南山学院,机械制造及自动化,烟台南山学院( 民办学校),自动化,517,143665.0,203,contains_unique
3761-504,2024,3761,烟台南山学院,机械制造及自动化,烟台南山学院( 民办学校),自动化,483,186607.0,210,contains_unique
3765-005,2025,3765,中国石油大学(华东)(“双一流”建设高校),石油工程(双学士学位),中国石油大学( 华东),石油工程,637,18597.0,216,base
3765-018,2025,3765,中国石油大学(华东)(“双一流”建设高校),自动化,中国石油大学( 华东),电气工程及其自动化,641,15629.0,216,contains_unique
3768-001,2023,3768,青岛城市学院,电气工程及其自动化(创新实验班),青岛城市学院( 民办学校),电气工程及其自动化,528,130822.0,205,base
3768-001,2024,3768,青岛城市学院,电气工程及其自动化(创新实验班),青岛城市学院( 民办学校),电气工程及其自动化,505,163011.0,211,base
3768-001,2025,3768,青岛城市学院,电气工程及其自动化(创新实验班),青岛城市学院( 民办学校),电气工程及其自动化,512,158674.0,217,base
3768-002,2023,3768,青岛城市学院,机器人工程(宇树创新班),青岛城市学院( 民办学校),机器人工程,517,143815.0,205,base
3768-002,2024,3768,青岛城市学院,机器人工程(宇树创新班),青岛城市学院( 民办学校),机器人工程,470,198923.0,211,base
3768-002,2025,3768,青岛城市学院,机器人工程(宇树创新班),青岛城市学院( 民办学校),机器人工程,487,186604.0,217,base
3773-009,2023,3773,青岛黄海学院,数据科学与大数据技术(中外合作办学),青岛黄海学院( 民办学校),数据科学与大数据技术,510,151660.0,205,base
3773-009,2024,3773,青岛黄海学院,数据科学与大数据技术(中外合作办学),青岛黄海学院( 民办学校),数据科学与大数据技术,501,167737.0,212,base
3784-514,2023,3784,泰山科技学院,人工智能技术应用,泰山科技学院( 民办学校),人工智能,501,161236.0,206,contains_unique
3784-514,2024,3784,泰山科技学院,人工智能技术应用,泰山科技学院( 民办学校),人工智能,476,194187.0,212,contains_unique
3795-506,2025,3795,潍坊食品科技职业学院,数字媒体艺术设计,潍坊食品科技职业学院( 民办学校),艺术设计,268,,219,contains_unique
3798-510,2025,3798,德州工程职业学院,艺术设计,德州工程职业学院( 民办学校),环境艺术设计,324,280346.0,220,contains_unique
3805-508,2023,3805,上饶幼儿师范高等专科学校,学前教育(中外合作办学)(师范),上饶幼儿师范高等专科学校,学前教育(师范),459,202328.0,192,base
3807-506,2024,3807,宜春职业技术学院,口腔医学技术,宜春职业技术学院,口腔医学,518,148777.0,198,contains_unique
3807-506,2025,3807,宜春职业技术学院,口腔医学技术,宜春职业技术学院,口腔医学(中外合作办学),513,157253.0,203,contains_unique
3807-507,2024,3807,宜春职业技术学院,口腔医学(中外合作办学),宜春职业技术学院,口腔医学,518,148777.0,198,base
3810-502,2024,3810,江西樟树中医药职业学院,药学,江西樟树中医药职业学院( 民办学校),中药学,440,223720.0,198,contains_unique
3810-502,2025,3810,江西樟树中医药职业学院,药学,江西樟树中医药职业学院( 民办学校),中药学,447,224679.0,203,contains_unique
3812-502,2025,3812,南昌健康职业技术学院,药学,南昌健康职业技术学院,中药学,481,193937.0,203,contains_unique
4001-015,2025,4001,长江大学,"电子信息工程(卓越工程师计划,首批新工科研究与实践试点)",长江大学,电子信息工程,601,50741.0,220,base
4003-509,2023,4003,长江工程职业技术学院,工业机器人技术(中外合作办学),长江工程职业技术学院,工业机器人技术,425,228112.0,207,base
4003-509,2024,4003,长江工程职业技术学院,工业机器人技术(中外合作办学),长江工程职业技术学院,工业机器人技术,433,228296.0,214,base
4014-004,2024,4014,湖北工业大学,计算机科学与技术(拔尖创新人才实验班),湖北工业大学,计算机科学与技术,607,45787.0,215,base
4014-004,2025,4014,湖北工业大学,计算机科学与技术(拔尖创新人才实验班),湖北工业大学,计算机科学与技术,606,46033.0,222,base
4020-001,2025,4020,湖北经济学院法商学院,金融学,湖北经济学院法商学院( 独立学院),金融学(AFP资格创新班),541,123363.0,223,base
4034-009,2023,4034,华中科技大学(“双一流”建设高校),生物医学工程类,华中科技大学,生物医学工程类(国家生命科学与技术人才试验班),665,6002.0,211,base
4034-017,2023,4034,华中科技大学(“双一流”建设高校),光电信息科学与工程,华中科技大学,光电信息科学与工程(未来技术学院本硕博),680,2038.0,211,base
4034-027,2023,4034,华中科技大学(“双一流”建设高校),数字经济(AI双学位),华中科技大学,数字经济,665,6293.0,211,base
4034-030,2024,4034,华中科技大学(“双一流”建设高校),药学(中外合作办学),华中科技大学,药学(启明实验班),663,6945.0,219,base
4035-502,2023,4035,文华学院,计算机应用技术,文华学院( 民办学校),计算机应用技术(中软国际大数据卓越班),461,200554.0,212,base
4035-502,2024,4035,文华学院,计算机应用技术,文华学院( 民办学校),计算机应用技术(中软国际大数据卓越班),388,253105.0,219,base
4036-007,2023,4036,武昌首义学院,数据科学与大数据技术(腾讯云精英班),武昌首义学院( 民办学校),数据科学与大数据技术,523,136705.0,212,base
4036-007,2025,4036,武昌首义学院,数据科学与大数据技术(腾讯云精英班),武昌首义学院( 民办学校),数据科学与大数据技术,494,179229.0,226,base
4036-008,2023,4036,武昌首义学院,人工智能(华为精英班),武昌首义学院( 民办学校),人工智能,525,134270.0,212,base
4036-008,2024,4036,武昌首义学院,人工智能(华为精英班),武昌首义学院( 民办学校),人工智能,483,186754.0,220,base
4036-008,2025,4036,武昌首义学院,人工智能(华为精英班),武昌首义学院( 民办学校),人工智能,492,181369.0,226,base
4036-028,2023,4036,武昌首义学院,电气工程及其自动化(创新实验班),武昌首义学院( 民办学校),电气工程及其自动化,527,131942.0,212,base
4036-028,2024,4036,武昌首义学院,电气工程及其自动化(创新实验班),武昌首义学院( 民办学校),电气工程及其自动化,517,149138.0,220,base
4036-028,2025,4036,武昌首义学院,电气工程及其自动化(创新实验班),武昌首义学院( 民办学校),电气工程及其自动化,517,152480.0,226,base
4036-029,2023,4036,武昌首义学院,汉语言文学(创新实验班),武昌首义学院( 民办学校),汉语言文学,553,103363.0,212,base
4036-029,2024,4036,武昌首义学院,汉语言文学(创新实验班),武昌首义学院( 民办学校),汉语言文学,567,90927.0,220,base
4036-029,2025,4036,武昌首义学院,汉语言文学(创新实验班),武昌首义学院( 民办学校),汉语言文学,558,101833.0,226,base
4036-506,2023,4036,武昌首义学院,人工智能技术应用,武昌首义学院( 民办学校),人工智能,525,134270.0,212,contains_unique
4036-516,2023,4036,武昌首义学院,智能建造技术,武昌首义学院( 民办学校),智能建造(城铁优才班),521,139295.0,212,contains_unique
4037-028,2023,4037,华中农业大学(“双一流”建设高校),园艺(中外合作办学),华中农业大学,园艺,634,22930.0,213,base
4039-018,2025,4039,华中师范大学(“双一流”建设高校),数学类,华中师范大学,数学类(师范),654,9382.0,227,base
4039-039,2024,4039,华中师范大学(“双一流”建设高校),"英语(翻译与国际传播实验班,语言与大数据实验班)",华中师范大学,"外国语言文学类[含英语(非公费师范),翻译专业]",658,8698.0,221,contains_unique
4045-001,2023,4045,荆楚理工学院,应用物理学,荆楚理工学院,应用物理学(师范),540,117598.0,214,base
4045-001,2024,4045,荆楚理工学院,应用物理学,荆楚理工学院,应用物理学(师范),500,168595.0,222,base
4045-001,2025,4045,荆楚理工学院,应用物理学,荆楚理工学院,应用物理学(师范),514,156208.0,228,base
4052-504,2023,4052,湖北工业职业技术学院,药品生物技术(中外合作办学),湖北工业职业技术学院,药品生物技术,440,217424.0,215,base
4052-504,2024,4052,湖北工业职业技术学院,药品生物技术(中外合作办学),湖北工业职业技术学院,药品生物技术,440,223337.0,223,base
4056-006,2024,4056,武汉晴川学院,人工智能(中软国际班),武汉晴川学院( 民办学校),人工智能,474,195355.0,224,base
4056-006,2025,4056,武汉晴川学院,人工智能(中软国际班),武汉晴川学院( 民办学校),人工智能,492,181840.0,230,base
4058-021,2023,4058,武汉工程大学,软件工程(中外合作办学),武汉工程大学,软件工程,609,43598.0,216,base
4062-008,2025,4062,武昌工学院,大数据管理与应用,武昌工学院( 民办学校),大数据管理与应用(数字科技实验班),485,188742.0,232,base
4067-029,2025,4067,武汉科技大学,临床医学(拔尖创新人才试验班),武汉科技大学,临床医学,592,60701.0,233,base
4069-003,2023,4069,武昌理工学院,机器人工程(越疆精英班),武昌理工学院( 民办学校),机器人工程,514,146804.0,219,base
4069-003,2024,4069,武昌理工学院,机器人工程(越疆精英班),武昌理工学院( 民办学校),机器人工程,475,194457.0,226,base
4069-003,2025,4069,武昌理工学院,机器人工程(越疆精英班),武昌理工学院( 民办学校),机器人工程,489,184764.0,233,base
4069-006,2023,4069,武昌理工学院,生物制药(基因工程制药方向),武昌理工学院( 民办学校),生物制药技术,494,168998.0,219,contains_unique
4069-010,2024,4069,武昌理工学院,电子商务,武昌理工学院( 民办学校),电子商务(腾讯云精英班),535,129088.0,226,base
4071-016,2023,4071,武汉纺织大学外经贸学院,物流管理,武汉纺织大学外经贸学院( 独立学院),现代物流管理,474,189131.0,219,contains_unique
4071-016,2024,4071,武汉纺织大学外经贸学院,物流管理,武汉纺织大学外经贸学院( 独立学院),现代物流管理,460,208128.0,227,contains_unique
4072-004,2025,4072,武汉理工大学(“双一流”建设高校),光电信息科学与工程(应用物理鲲鹏试点班),武汉理工大学,光电信息科学与工程(应用物理博学实验班),647,12539.0,234,base
4072-026,2023,4072,武汉理工大学(“双一流”建设高校),海事管理(双学士学位复合型人才培养项目),武汉理工大学,海事管理,638,19744.0,220,base
4072-026,2024,4072,武汉理工大学(“双一流”建设高校),海事管理(双学士学位复合型人才培养项目),武汉理工大学,海事管理,633,22657.0,227,base
4072-026,2025,4072,武汉理工大学(“双一流”建设高校),海事管理(双学士学位复合型人才培养项目),武汉理工大学,海事管理,631,22680.0,234,base
4072-027,2025,4072,武汉理工大学(“双一流”建设高校),数字经济(双学士学位复合型人才培养项目),武汉理工大学,数字经济,635,19612.0,234,base
4073-001,2023,4073,武汉华夏理工学院,机械设计制造及其自动化,武汉华夏理工学院( 民办学校),自动化(智能控制方向),513,148120.0,220,contains_unique
4073-004,2023,4073,武汉华夏理工学院,计算机科学与技术(华为精英班),武汉华夏理工学院( 民办学校),计算机科学与技术,515,146381.0,220,base
4073-005,2023,4073,武汉华夏理工学院,软件工程(华为精英班),武汉华夏理工学院( 民办学校),软件工程,514,146727.0,220,base
4073-005,2024,4073,武汉华夏理工学院,软件工程(华为精英班),武汉华夏理工学院( 民办学校),软件工程,478,191686.0,228,base
4073-005,2025,4073,武汉华夏理工学院,软件工程(华为精英班),武汉华夏理工学院( 民办学校),软件工程,491,182301.0,235,base
4073-006,2023,4073,武汉华夏理工学院,自动化(华为精英班),武汉华夏理工学院( 民办学校),自动化(智能控制方向),513,148120.0,220,base
4073-006,2024,4073,武汉华夏理工学院,自动化(华为精英班),武汉华夏理工学院( 民办学校),自动化(智能控制方向),494,175037.0,228,base
4073-006,2025,4073,武汉华夏理工学院,自动化(华为精英班),武汉华夏理工学院( 民办学校),自动化(智能控制方向),495,177890.0,235,base
4073-008,2023,4073,武汉华夏理工学院,人工智能(华为精英班),武汉华夏理工学院( 民办学校),人工智能,511,150132.0,220,base
4073-008,2024,4073,武汉华夏理工学院,人工智能(华为精英班),武汉华夏理工学院( 民办学校),人工智能,494,175080.0,228,base
4073-008,2025,4073,武汉华夏理工学院,人工智能(华为精英班),武汉华夏理工学院( 民办学校),人工智能,493,180289.0,235,base
4086-010,2023,4086,湖北科技学院,汉语言文学(师范),湖北科技学院,汉语言文学,566,88742.0,223,base
4086-010,2024,4086,湖北科技学院,汉语言文学(师范),湖北科技学院,汉语言文学,582,73668.0,231,base
4093-013,2024,4093,中国地质大学(武汉)(“双一流”建设高校),地球物理学(国家拔尖计划),中国地质大学( 武汉),地球物理学,642,16765.0,232,base
4093-013,2025,4093,中国地质大学(武汉)(“双一流”建设高校),地球物理学(国家拔尖计划),中国地质大学( 武汉),地球物理学,633,21149.0,239,base
4093-014,2024,4093,中国地质大学(武汉)(“双一流”建设高校),地球物理学类(地球物理与空间信息类),中国地质大学( 武汉),地球物理学,642,16765.0,232,contains_unique
4093-035,2023,4093,中国地质大学(武汉)(“双一流”建设高校),物理学,中国地质大学( 武汉),地球物理学(国家拔尖计划),644,16211.0,224,contains_unique
4093-035,2024,4093,中国地质大学(武汉)(“双一流”建设高校),物理学,中国地质大学( 武汉),地球物理学,642,16765.0,232,contains_unique
4095-007,2023,4095,中南财经政法大学(“双一流”建设高校),"国际经济与贸易(国际经贸,国际法双学士学位)",中南财经政法大学,国际经济与贸易(融通创新人才实验班),655,10458.0,225,base
4095-007,2024,4095,中南财经政法大学(“双一流”建设高校),"国际经济与贸易(国际经贸,国际法双学士学位)",中南财经政法大学,国际经济与贸易(融通创新人才实验班),654,10795.0,233,base
4095-012,2024,4095,中南财经政法大学(“双一流”建设高校),知识产权(卓越人才实验班),中南财经政法大学,知识产权,662,7368.0,233,base
4097-001,2023,4097,武汉工商学院,工商管理(数智化碳资产管理),武汉工商学院( 民办学校),工商管理(现代企业商业分析实验班),525,134299.0,225,base
4097-001,2024,4097,武汉工商学院,工商管理(数智化碳资产管理),武汉工商学院( 民办学校),工商管理(智能商务与创新管理精英班),538,125578.0,233,base
4097-003,2023,4097,武汉工商学院,人力资源管理(绿色数智人力),武汉工商学院( 民办学校),人力资源管理(数智化管理精英班),525,134175.0,225,base
4097-003,2024,4097,武汉工商学院,人力资源管理(绿色数智人力),武汉工商学院( 民办学校),人力资源管理(智能人力精英班),541,121968.0,233,base
4097-012,2023,4097,武汉工商学院,机器人工程(AI绿电智能运维),武汉工商学院( 民办学校),机器人工程(卓越智能实验班),517,143658.0,225,base
4097-012,2024,4097,武汉工商学院,机器人工程(AI绿电智能运维),武汉工商学院( 民办学校),机器人工程(卓越智能实验班),473,196226.0,234,base
4097-012,2025,4097,武汉工商学院,机器人工程(AI绿电智能运维),武汉工商学院( 民办学校),机器人工程(卓越智能实验班),491,182612.0,240,base
4097-015,2023,4097,武汉工商学院,数据科学与大数据技术(智能数据工程实验班),武汉工商学院( 民办学校),数据科学与大数据技术,513,147950.0,225,base
4097-015,2024,4097,武汉工商学院,数据科学与大数据技术(智能数据工程实验班),武汉工商学院( 民办学校),数据科学与大数据技术,471,198243.0,234,base
4097-015,2025,4097,武汉工商学院,数据科学与大数据技术(智能数据工程实验班),武汉工商学院( 民办学校),数据科学与大数据技术,486,187733.0,240,base
4097-508,2024,4097,武汉工商学院,人工智能技术应用,武汉工商学院( 民办学校),人工智能,475,194494.0,234,contains_unique
4097-508,2025,4097,武汉工商学院,人工智能技术应用,武汉工商学院( 民办学校),人工智能,490,183379.0,240,contains_unique
4203-001,2023,4203,河南财经政法大学,金融学,河南财经政法大学,金融学(中外合作办学),570,84018.0,226,base
4206-011,2023,4206,河南大学(“双一流”建设高校),法学(涉外法治菁英班),河南大学,法学,634,22562.0,226,base
4206-011,2024,4206,河南大学(“双一流”建设高校),法学(涉外法治菁英班),河南大学,法学,637,20019.0,235,base
4206-011,2025,4206,河南大学(“双一流”建设高校),法学(涉外法治菁英班),河南大学,法学,633,21121.0,242,base
4206-030,2024,4206,河南大学(“双一流”建设高校),自动化(中外合作办学),河南大学,自动化,611,42019.0,235,base
4206-030,2025,4206,河南大学(“双一流”建设高校),自动化(中外合作办学),河南大学,自动化,611,40232.0,242,base
4208-016,2023,4208,河南工业大学,会计学,河南工业大学,会计学(中外合作办学),569,85691.0,226,base
4212-020,2025,4212,河南理工大学,城乡规划(未来人居科学与技术实验班),河南理工大学,城乡规划,574,83358.0,244,base
4214-002,2025,4214,河南农业大学,风景园林,河南农业大学,园林,575,81772.0,244,contains_unique
4214-012,2024,4214,河南农业大学,商务英语,河南农业大学,英语,585,70524.0,237,contains_unique
4214-012,2025,4214,河南农业大学,商务英语,河南农业大学,英语,574,83088.0,244,contains_unique
4225-008,2023,4225,洛阳理工学院,土木工程(中外合作办学),洛阳理工学院,土木工程,536,121775.0,229,base
4225-008,2024,4225,洛阳理工学院,土木工程(中外合作办学),洛阳理工学院,土木工程,514,152633.0,238,base
4244-013,2025,4244,中原工学院,机械设计制造及其自动化,中原工学院,自动化,531,135455.0,248,contains_unique
4244-015,2023,4244,中原工学院,自动化,中原工学院,电气工程及其自动化,549,107390.0,231,contains_unique
4244-017,2023,4244,中原工学院,电气工程及其自动化(中外合作办学),中原工学院,电气工程及其自动化,549,107390.0,231,base
4249-002,2023,4249,商丘师范学院,英语(师范),商丘师范学院,商务英语,552,104411.0,232,contains_unique
4253-006,2024,4253,河南科技学院,信息与计算科学,河南科技学院,信息与计算科学(师范),489,180440.0,242,base
4305-015,2023,4305,长沙理工大学,网络与新媒体(创新班),长沙理工大学,网络与新媒体,608,44595.0,234,base
4305-015,2024,4305,长沙理工大学,网络与新媒体(创新班),长沙理工大学,网络与新媒体,612,41465.0,244,base
4305-015,2025,4305,长沙理工大学,网络与新媒体(创新班),长沙理工大学,网络与新媒体,606,46007.0,252,base
4305-058,2023,4305,长沙理工大学,工程管理(中外合作办学),长沙理工大学,工程管理,598,54176.0,234,base
4305-058,2024,4305,长沙理工大学,工程管理(中外合作办学),长沙理工大学,工程管理,589,65296.0,244,base
4305-058,2025,4305,长沙理工大学,工程管理(中外合作办学),长沙理工大学,工程管理,588,66339.0,252,base
4305-059,2023,4305,长沙理工大学,软件工程(中外合作办学),长沙理工大学,软件工程,623,30833.0,234,base
4305-059,2024,4305,长沙理工大学,软件工程(中外合作办学),长沙理工大学,软件工程,617,36302.0,243,base
4305-059,2025,4305,长沙理工大学,软件工程(中外合作办学),长沙理工大学,软件工程,614,36885.0,252,base
4310-040,2023,4310,衡阳师范学院,汉语国际教育,衡阳师范学院,汉语国际教育(师范),574,80230.0,235,base
4310-040,2024,4310,衡阳师范学院,汉语国际教育,衡阳师范学院,汉语国际教育(师范),581,74292.0,245,base
4310-040,2025,4310,衡阳师范学院,汉语国际教育,衡阳师范学院,汉语国际教育(师范),572,85322.0,253,base
4313-002,2023,4313,湖南城市学院,城乡规划(创新班),湖南城市学院,城乡规划,566,89373.0,236,base
4313-002,2024,4313,湖南城市学院,城乡规划(创新班),湖南城市学院,城乡规划,576,80357.0,246,base
4318-010,2023,4318,湖南工程学院,商务英语(韶峰班),湖南工程学院,英语,553,103524.0,237,contains_unique
4318-010,2024,4318,湖南工程学院,商务英语(韶峰班),湖南工程学院,英语,570,87759.0,247,contains_unique
4318-010,2025,4318,湖南工程学院,商务英语(韶峰班),湖南工程学院,英语,567,91821.0,255,contains_unique
4318-016,2023,4318,湖南工程学院,机械电子工程(中外合作办学),湖南工程学院,机械电子工程,545,112372.0,237,base
4318-016,2024,4318,湖南工程学院,机械电子工程(中外合作办学),湖南工程学院,机械电子工程,537,125896.0,247,base
4318-016,2025,4318,湖南工程学院,机械电子工程(中外合作办学),湖南工程学院,机械电子工程,540,124012.0,255,base
4318-017,2025,4318,湖南工程学院,电子信息工程(中外合作办学),湖南工程学院,电子信息工程(智能影像创新班),533,132811.0,255,base
4326-501,2023,4326,湖南环境生物职业技术学院,中药学,湖南环境生物职业技术学院,药学,468,194400.0,239,contains_unique
4326-501,2024,4326,湖南环境生物职业技术学院,中药学,湖南环境生物职业技术学院,药学,473,196544.0,249,contains_unique
4326-505,2023,4326,湖南环境生物职业技术学院,口腔医学技术,湖南环境生物职业技术学院,口腔医学,512,149064.0,239,contains_unique
4326-505,2024,4326,湖南环境生物职业技术学院,口腔医学技术,湖南环境生物职业技术学院,口腔医学,526,139274.0,249,contains_unique
4326-508,2023,4326,湖南环境生物职业技术学院,动物药学,湖南环境生物职业技术学院,药学,468,194400.0,239,contains_unique
4326-508,2024,4326,湖南环境生物职业技术学院,动物药学,湖南环境生物职业技术学院,药学,473,196544.0,249,contains_unique
4326-508,2025,4326,湖南环境生物职业技术学院,动物药学,湖南环境生物职业技术学院,药学,461,212516.0,256,contains_unique
4339-028,2023,4339,湖南工商大学,英语(语言数智创新实验班),湖南工商大学,商务英语,578,75795.0,241,contains_unique
4342-027,2023,4342,湖南师范大学(“双一流”建设高校),化学工程与工艺,湖南师范大学,化学(师范),650,12742.0,242,contains_unique
4342-027,2024,4342,湖南师范大学(“双一流”建设高校),化学工程与工艺,湖南师范大学,化学(师范),641,17768.0,252,contains_unique
4355-001,2023,4355,怀化学院,物理学,怀化学院,物理学(师范),545,111637.0,244,base
4355-001,2024,4355,怀化学院,物理学,怀化学院,物理学(师范),538,124637.0,254,base
4355-001,2025,4355,怀化学院,物理学,怀化学院,物理学(师范),532,134415.0,262,base
4355-009,2023,4355,怀化学院,生物科学,怀化学院,生物科学(师范),567,87243.0,244,base
4355-009,2024,4355,怀化学院,生物科学,怀化学院,生物科学(师范),486,183292.0,254,base
4355-009,2025,4355,怀化学院,生物科学,怀化学院,生物科学(师范),510,160598.0,262,base
4355-018,2023,4355,怀化学院,化学,怀化学院,化学(师范),558,97734.0,244,base
4355-018,2024,4355,怀化学院,化学,怀化学院,材料化学,501,167523.0,254,contains_unique
4355-018,2025,4355,怀化学院,化学,怀化学院,化学(师范),502,169882.0,262,base
4355-023,2023,4355,怀化学院,商务英语,怀化学院,英语(师范),565,90297.0,244,contains_unique
4355-023,2024,4355,怀化学院,商务英语,怀化学院,英语(师范),579,77354.0,254,contains_unique
4355-031,2024,4355,怀化学院,园林,怀化学院,风景园林,566,91519.0,254,contains_unique
4356-010,2023,4356,吉首大学,英语(师范),吉首大学,商务英语,565,89836.0,244,contains_unique
4356-010,2024,4356,吉首大学,英语(师范),吉首大学,商务英语,575,81888.0,254,contains_unique
4361-027,2023,4361,湘南学院,生物技术,湘南学院,生物技术(师范),562,92877.0,245,base
4366-031,2023,4366,中南林业科技大学,环境科学,中南林业科技大学,环境科学与工程类,565,90155.0,247,contains_unique
4366-031,2024,4366,中南林业科技大学,环境科学,中南林业科技大学,环境科学与工程类,508,159847.0,257,contains_unique
4394-505,2025,4394,长沙医药健康职业学院,药学,长沙医药健康职业学院( 民办学校),中药学,451,220789.0,266,contains_unique
4405-002,2023,4405,广东白云学院,计算机科学与技术(华为鲲鹏云创新班),广东白云学院( 民办学校),计算机科学与技术(中外学分互认),516,144897.0,248,base
4405-002,2024,4405,广东白云学院,计算机科学与技术(华为鲲鹏云创新班),广东白云学院( 民办学校),计算机科学与技术(中外学分互认),474,195491.0,259,base
4405-002,2025,4405,广东白云学院,计算机科学与技术(华为鲲鹏云创新班),广东白云学院( 民办学校),计算机科学与技术,486,187896.0,267,base
4405-003,2025,4405,广东白云学院,通信工程(华为5G创新班),广东白云学院( 民办学校),通信工程,493,180048.0,267,base
4405-004,2025,4405,广东白云学院,物联网工程(华为鸿蒙创新班),广东白云学院( 民办学校),物联网工程,496,176795.0,267,base
4405-006,2023,4405,广东白云学院,工商管理,广东白云学院( 民办学校),工商管理(中外学分互认),514,146964.0,248,base
4405-006,2024,4405,广东白云学院,工商管理,广东白云学院( 民办学校),工商管理(中外学分互认),529,135693.0,259,base
4405-018,2023,4405,广东白云学院,商务英语,广东白云学院( 民办学校),英语,523,137171.0,248,contains_unique
4405-018,2024,4405,广东白云学院,商务英语,广东白云学院( 民办学校),英语,536,127806.0,259,contains_unique
4406-009,2024,4406,广东工业大学,机械设计制造及其自动化(国际班),广东工业大学,机械设计制造及其自动化,605,47895.0,259,base
4412-021,2023,4412,广东外语外贸大学,印地语(国贸双学士学位),广东外语外贸大学,印地语,608,45016.0,249,base
4412-021,2025,4412,广东外语外贸大学,印地语(国贸双学士学位),广东外语外贸大学,印地语,603,48902.0,268,base
4412-022,2023,4412,广东外语外贸大学,乌尔都语(法学双学士学位),广东外语外贸大学,乌尔都语,605,47601.0,249,base
4412-023,2024,4412,广东外语外贸大学,捷克语(国贸双学士学位),广东外语外贸大学,捷克语,606,47587.0,260,base
4412-025,2024,4412,广东外语外贸大学,希腊语(国贸双学士学位),广东外语外贸大学,希腊语,615,38585.0,260,base
4412-028,2024,4412,广东外语外贸大学,孟加拉语(国贸双学士学位),广东外语外贸大学,孟加拉语,588,67264.0,260,base
4416-008,2023,4416,广州应用科技学院,电子信息工程(智芯电子创新班),广州应用科技学院( 民办学校),电子信息工程,512,148996.0,249,base
4416-008,2024,4416,广州应用科技学院,电子信息工程(智芯电子创新班),广州应用科技学院( 民办学校),电子信息工程,468,201099.0,260,base
4416-012,2025,4416,广州应用科技学院,机械电子工程(具身机电工程创新班),广州应用科技学院( 民办学校),机械电子工程,487,187005.0,269,base
4424-006,2023,4424,华南理工大学(“双一流”建设高校),电气工程及其自动化,华南理工大学,电气工程及其自动化(卓越班),669,4760.0,250,base
4424-006,2024,4424,华南理工大学(“双一流”建设高校),电气工程及其自动化,华南理工大学,电气工程及其自动化(卓越班),687,1336.0,261,base
4424-006,2025,4424,华南理工大学(“双一流”建设高校),电气工程及其自动化,华南理工大学,自动化,661,6351.0,270,contains_unique
4425-042,2023,4425,华南农业大学(“双一流”建设高校),蚕学(双学位创新班),华南农业大学,蚕学,600,52648.0,251,base
4425-042,2024,4425,华南农业大学(“双一流”建设高校),蚕学(双学位创新班),华南农业大学,蚕学,591,63635.0,262,base
4425-042,2025,4425,华南农业大学(“双一流”建设高校),蚕学(双学位创新班),华南农业大学,蚕学,573,83511.0,270,base
4427-011,2023,4427,珠海科技学院,商务英语,珠海科技学院( 民办学校),英语,535,123015.0,251,contains_unique
4428-007,2023,4428,暨南大学(“双一流”建设高校),密码科学与技术(图灵密码创新班),暨南大学,密码科学与技术,651,12310.0,251,base
4428-007,2024,4428,暨南大学(“双一流”建设高校),密码科学与技术(图灵密码创新班),暨南大学,密码科学与技术,647,13894.0,263,base
4428-008,2025,4428,暨南大学(“双一流”建设高校),国际经济与贸易,暨南大学,国际经济与贸易(全英语教学),649,11747.0,271,base
4428-009,2025,4428,暨南大学(“双一流”建设高校),临床医学,暨南大学,临床医学(全英语教学),643,14917.0,271,base
4428-015,2023,4428,暨南大学(“双一流”建设高校),自动化,暨南大学,电气工程及其自动化,653,11124.0,251,contains_unique
4428-017,2023,4428,暨南大学(“双一流”建设高校),应用物理学(国际班),暨南大学,应用物理学,648,13980.0,251,base
4428-017,2024,4428,暨南大学(“双一流”建设高校),应用物理学(国际班),暨南大学,应用物理学,646,14700.0,263,base
4428-017,2025,4428,暨南大学(“双一流”建设高校),应用物理学(国际班),暨南大学,应用物理学,641,15751.0,271,base
4428-028,2023,4428,暨南大学(“双一流”建设高校),旅游管理(国际班),暨南大学,旅游管理,642,17465.0,251,base
4428-028,2024,4428,暨南大学(“双一流”建设高校),旅游管理(国际班),暨南大学,旅游管理,643,16491.0,263,base
4431-027,2023,4431,南方医科大学,医学影像学(智能影像创新班),南方医科大学,医学影像学,647,14136.0,252,base
4431-027,2024,4431,南方医科大学,医学影像学(智能影像创新班),南方医科大学,医学影像学,646,14753.0,263,base
4436-001,2023,4436,中山大学(“双一流”建设高校),汉语言文学(广州),中山大学,汉语言文学,669,4969.0,252,base
4436-001,2024,4436,中山大学(“双一流”建设高校),汉语言文学(广州),中山大学,汉语言文学,669,5187.0,264,base
4436-001,2025,4436,中山大学(“双一流”建设高校),汉语言文学(广州),中山大学,汉语言文学,667,4525.0,272,base
4436-002,2023,4436,中山大学(“双一流”建设高校),历史学(广州),中山大学,历史学,666,5889.0,252,base
4436-002,2024,4436,中山大学(“双一流”建设高校),历史学(广州),中山大学,历史学,666,6102.0,264,base
4436-002,2025,4436,中山大学(“双一流”建设高校),历史学(广州),中山大学,历史学,663,5685.0,272,base
4436-003,2023,4436,中山大学(“双一流”建设高校),"经济学类(含数字方向,广州)",中山大学,经济学类,669,4842.0,252,base
4436-003,2024,4436,中山大学(“双一流”建设高校),"经济学类(含数字方向,广州)",中山大学,经济学类,667,5737.0,264,base
4436-003,2025,4436,中山大学(“双一流”建设高校),"经济学类(含数字方向,广州)",中山大学,经济学类(含数字方向),666,4795.0,272,base
4436-008,2024,4436,中山大学(“双一流”建设高校),计算机类(广州),中山大学,计算机类,666,5995.0,264,base
4436-008,2025,4436,中山大学(“双一流”建设高校),计算机类(广州),中山大学,计算机类,663,5632.0,272,base
4436-014,2024,4436,中山大学(“双一流”建设高校),哲学(珠海),中山大学,哲学,664,6821.0,264,base
4436-014,2025,4436,中山大学(“双一流”建设高校),哲学(珠海),中山大学,哲学,663,5831.0,273,base
4436-015,2025,4436,中山大学(“双一流”建设高校),"金融学(金融学,AI双学士学位项目,珠海)",中山大学,"金融学(金融学,AI双学士学位项目)",666,4828.0,273,base
4436-016,2024,4436,中山大学(“双一流”建设高校),数学类(珠海),中山大学,数学类,667,5755.0,264,base
4436-016,2025,4436,中山大学(“双一流”建设高校),数学类(珠海),中山大学,数学类,660,6748.0,273,base
4436-021,2025,4436,中山大学(“双一流”建设高校),微电子科学与工程(深圳),中山大学,微电子科学与工程,660,6616.0,273,base
4440-018,2024,4440,深圳大学,建筑学,深圳大学,建筑学(卓越班),644,15637.0,264,base
4440-023,2024,4440,深圳大学,人工智能(IEEE荣誉班),深圳大学,人工智能(腾班),658,9073.0,264,base
4440-039,2023,4440,深圳大学,心理学(卓越班),深圳大学,心理学,641,17752.0,253,base
4440-039,2025,4440,深圳大学,心理学(卓越班),深圳大学,心理学,638,18115.0,273,base
4441-004,2023,4441,广东医科大学,临床医学(东莞校区),广东医科大学,临床医学,636,21042.0,253,base
4441-004,2024,4441,广东医科大学,临床医学(东莞校区),广东医科大学,临床医学,628,26454.0,264,base
4441-004,2025,4441,广东医科大学,临床医学(东莞校区),广东医科大学,临床医学,619,32428.0,273,base
4441-006,2025,4441,广东医科大学,护理学(东莞校区),广东医科大学,护理学,538,126514.0,273,base
4445-019,2024,4445,广东海洋大学,水生动物医学,广东海洋大学,动物医学,564,94005.0,265,contains_unique
4445-019,2025,4445,广东海洋大学,水生动物医学,广东海洋大学,动物医学,564,94473.0,274,contains_unique
4457-002,2023,4457,广州软件学院,网络工程,广州软件学院( 民办学校),网络工程(云计算创新实验班),530,128667.0,254,base
4468-002,2024,4468,华南农业大学珠江学院,传播学,华南农业大学珠江学院( 独立学院),传播学(国际班),580,76186.0,266,base
4468-003,2024,4468,华南农业大学珠江学院,会计学,华南农业大学珠江学院( 独立学院),会计学(国际班),581,74460.0,266,base
4471-508,2023,4471,广东信息工程职业学院,大数据与会计(正保数智财务创新班),广东信息工程职业学院( 民办学校),大数据与会计,399,244282.0,254,base
4471-508,2024,4471,广东信息工程职业学院,大数据与会计(正保数智财务创新班),广东信息工程职业学院( 民办学校),大数据与会计,405,244964.0,266,base
4471-508,2025,4471,广东信息工程职业学院,大数据与会计(正保数智财务创新班),广东信息工程职业学院( 民办学校),大数据与会计,268,,275,base
4471-511,2023,4471,广东信息工程职业学院,药学,广东信息工程职业学院( 民办学校),中药学,419,232287.0,254,contains_unique
4472-502,2023,4472,广州卫生职业技术学院,药学,广州卫生职业技术学院,中药学,486,177265.0,254,contains_unique
4472-502,2024,4472,广州卫生职业技术学院,药学,广州卫生职业技术学院,中药学,495,174365.0,266,contains_unique
4503-008,2025,4503,广西财经学院,计算机科学与技术(中澳2+2学分互认联合培养项目),广西财经学院,计算机科学与技术(中外高水平大学学生交流计划),502,170292.0,276,base
4504-005,2023,4504,广西大学(“双一流”建设高校),电气工程及其自动化,广西大学,自动化,624,30000.0,255,contains_unique
4511-004,2023,4511,广西民族大学,国际经济与贸易(中澳3+2学分互认联合培养项目),广西民族大学,国际经济与贸易,555,100986.0,255,base
4511-004,2024,4511,广西民族大学,国际经济与贸易(中澳3+2学分互认联合培养项目),广西民族大学,国际经济与贸易,572,85383.0,267,base
4511-008,2025,4511,广西民族大学,翻译,广西民族大学,翻译(中澳3+2学分互认联合培养),547,115547.0,277,base
4511-010,2025,4511,广西民族大学,泰语,广西民族大学,泰语(国家基地班),576,80491.0,277,base
4511-011,2025,4511,广西民族大学,柬埔寨语,广西民族大学,柬埔寨语(国家基地班),563,96761.0,277,base
4511-012,2023,4511,广西民族大学,印度尼西亚语,广西民族大学,印度尼西亚语(国家基地班),578,76127.0,255,base
4511-012,2024,4511,广西民族大学,印度尼西亚语,广西民族大学,印度尼西亚语(国家基地班),587,68320.0,267,base
4511-012,2025,4511,广西民族大学,印度尼西亚语,广西民族大学,印度尼西亚语(国家基地班),559,101573.0,277,base
4511-013,2025,4511,广西民族大学,马来语,广西民族大学,马来语(国家基地班),562,97923.0,277,base
4511-014,2023,4511,广西民族大学,化学工程与工艺(中澳2+2学分互认联合培养项目),广西民族大学,化学工程与工艺,553,103467.0,255,base
4511-014,2024,4511,广西民族大学,化学工程与工艺(中澳2+2学分互认联合培养项目),广西民族大学,化学工程与工艺,503,165462.0,267,base
4511-017,2023,4511,广西民族大学,电子信息工程(中澳3+2学分互认联合培养项目),广西民族大学,电子信息工程,557,98543.0,255,base
4511-017,2024,4511,广西民族大学,电子信息工程(中澳3+2学分互认联合培养项目),广西民族大学,电子信息工程,545,116766.0,267,base
4513-007,2023,4513,广西师范大学,英语(师范),广西师范大学,商务英语,559,97067.0,256,contains_unique
4515-011,2023,4515,南宁师范大学,化学(中外合作办学),南宁师范大学,应用化学,533,125780.0,256,contains_unique
4515-011,2024,4515,南宁师范大学,化学(中外合作办学),南宁师范大学,应用化学,527,137398.0,268,contains_unique
4515-011,2025,4515,南宁师范大学,化学(中外合作办学),南宁师范大学,应用化学,525,142838.0,278,contains_unique
4515-012,2023,4515,南宁师范大学,应用化学(中外合作办学),南宁师范大学,应用化学,533,125780.0,256,base
4515-012,2024,4515,南宁师范大学,应用化学(中外合作办学),南宁师范大学,应用化学,527,137398.0,268,base
4515-012,2025,4515,南宁师范大学,应用化学(中外合作办学),南宁师范大学,应用化学,525,142838.0,278,base
4517-008,2023,4517,广西医科大学,药学(中澳学分互认联合培养项目),广西医科大学,药学,592,60656.0,256,base
4521-023,2023,4521,桂林电子科技大学,软件工程(中外合作办学),桂林电子科技大学,软件工程,606,46871.0,257,base
4521-023,2024,4521,桂林电子科技大学,软件工程(中外合作办学),桂林电子科技大学,软件工程,604,49049.0,269,base
4522-013,2023,4522,桂林信息科技学院,自动化,桂林信息科技学院( 民办学校),电气工程及其自动化,519,141088.0,257,contains_unique
4525-009,2023,4525,桂林理工大学,酒店管理,桂林理工大学,酒店管理与数字化运营,499,162999.0,258,contains_unique
4525-009,2024,4525,桂林理工大学,酒店管理,桂林理工大学,酒店管理与数字化运营,509,158435.0,270,contains_unique
4526-003,2023,4526,桂林旅游学院,数据科学与大数据技术(中外合作办学),桂林旅游学院,数据科学与大数据技术,529,130054.0,258,base
4528-004,2023,4528,桂林医科大学,康复治疗学(中澳学分互认联合培养项目),桂林医学院,康复治疗学,570,84006.0,258,base
4528-007,2023,4528,桂林医科大学,医学检验技术(中澳学分互认联合培养项目),桂林医学院,医学检验技术,573,80530.0,258,base
4528-008,2023,4528,桂林医科大学,药学(中澳学分互认联合培养项目),桂林医学院,药学,567,87933.0,258,base
4529-015,2023,4529,北部湾大学,物联网工程,北部湾大学,物联网工程(中外合作办学),522,137740.0,258,base
4529-015,2024,4529,北部湾大学,物联网工程,北部湾大学,物联网工程(中外合作办学),480,189805.0,270,base
4538-018,2024,4538,南宁理工学院,英语,南宁理工学院( 民办学校),商务英语,609,44299.0,271,contains_unique
4612-009,2023,4612,琼台师范学院,学前教育(中外合作办学)(师范),琼台师范学院,学前教育(师范),558,97961.0,264,base
4612-009,2024,4612,琼台师范学院,学前教育(中外合作办学)(师范),琼台师范学院,学前教育(师范),571,86406.0,276,base
5005-023,2023,5005,西南大学(“双一流”建设高校),自动化,西南大学,自动化(中外合作办学),637,20596.0,266,base
5005-023,2024,5005,西南大学(“双一流”建设高校),自动化,西南大学,自动化(中外合作办学),633,23018.0,279,base
5005-023,2025,5005,西南大学(“双一流”建设高校),自动化,西南大学,自动化(中外合作办学),630,23145.0,290,base
5005-045,2025,5005,西南大学(“双一流”建设高校),心理学(中外合作办学),西南大学,应用心理学,650,11231.0,290,contains_unique
5007-018,2025,5007,西南政法大学,英语,西南政法大学,英语(法律英语实验班),648,11895.0,291,base
5012-003,2025,5012,重庆城市科技学院,电气工程及其自动化,重庆城市科技学院( 民办学校),电气工程及其自动化(菁英实验班),508,162989.0,292,base
5012-004,2025,5012,重庆城市科技学院,计算机科学与技术,重庆城市科技学院( 民办学校),计算机科学与技术(菁英实验班),501,171477.0,292,base
5012-005,2025,5012,重庆城市科技学院,软件工程,重庆城市科技学院( 民办学校),软件工程(菁英实验班),502,170351.0,292,base
5012-012,2025,5012,重庆城市科技学院,会计学,重庆城市科技学院( 民办学校),会计学(菁英实验班),568,90469.0,292,base
5012-014,2025,5012,重庆城市科技学院,法学,重庆城市科技学院( 民办学校),法学(菁英实验班),555,106405.0,292,base
5012-015,2025,5012,重庆城市科技学院,汉语言文学,重庆城市科技学院( 民办学校),汉语言文学(菁英实验班),553,108732.0,292,base
5012-018,2025,5012,重庆城市科技学院,应用心理学,重庆城市科技学院( 民办学校),应用心理学(心智科学菁英实验班),544,119801.0,292,base
5017-001,2023,5017,重庆工商大学,经济学(联合学士学位项目),重庆工商大学,经济学,607,45196.0,267,base
5017-001,2025,5017,重庆工商大学,经济学(联合学士学位项目),重庆工商大学,经济学,603,48285.0,292,base
5017-003,2025,5017,重庆工商大学,工商管理(联合学士学位项目),重庆工商大学,工商管理,596,56259.0,292,base
5017-011,2025,5017,重庆工商大学,金融学(中外双学士出国2+2),重庆工商大学,金融学,583,72029.0,292,base
5017-012,2025,5017,重庆工商大学,会计学(中外双学士出国2+2),重庆工商大学,会计学,597,55281.0,292,base
5017-015,2023,5017,重庆工商大学,物流管理(中外合作办学),重庆工商大学,物流管理,590,62895.0,267,base
5022-001,2024,5022,重庆交通大学,土木工程(茅以升桥梁实验班),重庆交通大学,土木工程,565,92875.0,281,base
5022-001,2025,5022,重庆交通大学,土木工程(茅以升桥梁实验班),重庆交通大学,土木工程,566,92478.0,293,base
5024-002,2023,5024,重庆理工大学,装甲车辆工程,重庆理工大学,车辆工程,586,67511.0,268,contains_unique
5031-016,2023,5031,重庆医科大学,药学,重庆医科大学,临床药学,637,20243.0,270,contains_unique
5031-016,2024,5031,重庆医科大学,药学,重庆医科大学,临床药学,625,29009.0,283,contains_unique
5031-016,2025,5031,重庆医科大学,药学,重庆医科大学,临床药学,603,48179.0,295,contains_unique
5052-005,2024,5052,重庆中医药学院,药学,重庆中医药学院,中药学,548,113368.0,286,contains_unique
5052-005,2025,5052,重庆中医药学院,药学,重庆中医药学院,中药学,538,126664.0,298,contains_unique
5101-009,2023,5101,成都工业学院,数字媒体技术(中外合作办学),成都工业学院,数字媒体技术,565,89544.0,272,base
5101-009,2024,5101,成都工业学院,数字媒体技术(中外合作办学),成都工业学院,数字媒体技术,557,102206.0,287,base
5101-009,2025,5101,成都工业学院,数字媒体技术(中外合作办学),成都工业学院,数字媒体技术,558,102313.0,299,base
5107-028,2023,5107,成都信息工程大学,软件工程(中外合作办学),成都信息工程大学,软件工程,612,40599.0,273,base
5107-028,2024,5107,成都信息工程大学,软件工程(中外合作办学),成都信息工程大学,软件工程,606,46902.0,287,base
5107-028,2025,5107,成都信息工程大学,软件工程(中外合作办学),成都信息工程大学,软件工程,605,46586.0,300,base
5109-010,2023,5109,成都大学,机械设计制造及其自动化,成都大学,自动化,594,58505.0,273,contains_unique
5109-026,2023,5109,成都大学,计算机科学与技术(中外高水平大学学生交流计划),成都大学,计算机科学与技术,602,50942.0,273,base
5109-026,2024,5109,成都大学,计算机科学与技术(中外高水平大学学生交流计划),成都大学,计算机科学与技术,597,56252.0,288,base
5111-008,2023,5111,成都中医药大学(“双一流”建设高校),中药学(凌一揆班),成都中医药大学,中药学(基地班),619,34922.0,273,base
5111-009,2023,5111,成都中医药大学(“双一流”建设高校),药学,成都中医药大学,中药学(基地班),619,34922.0,273,contains_unique
5120-022,2023,5120,四川大学(“双一流”建设高校),哲学(拔尖计划),四川大学,哲学,661,7712.0,274,base
5120-022,2024,5120,四川大学(“双一流”建设高校),哲学(拔尖计划),四川大学,哲学,662,7524.0,289,base
5120-022,2025,5120,四川大学(“双一流”建设高校),哲学(拔尖计划),四川大学,哲学,659,7320.0,303,base
5120-023,2025,5120,四川大学(“双一流”建设高校),中国古典学(拔尖计划),四川大学,中国古典学,660,6852.0,303,base
5120-024,2023,5120,四川大学(“双一流”建设高校),工程力学(拔尖计划),四川大学,工程力学,660,8201.0,275,base
5129-046,2023,5129,四川农业大学(“双一流”建设高校),环境生态工程(中外合作办学),四川农业大学,环境生态工程,620,33910.0,276,base
5129-046,2024,5129,四川农业大学(“双一流”建设高校),环境生态工程(中外合作办学),四川农业大学,环境生态工程,597,56903.0,290,base
5129-046,2025,5129,四川农业大学(“双一流”建设高校),环境生态工程(中外合作办学),四川农业大学,环境生态工程,595,57288.0,304,base
5131-011,2024,5131,四川师范大学,教育学(师范),四川师范大学,教育学,612,40841.0,291,base
5131-013,2023,5131,四川师范大学,小学教育(师范),四川师范大学,小学教育,615,38069.0,276,base
5131-013,2024,5131,四川师范大学,小学教育(师范),四川师范大学,小学教育,620,33913.0,291,base
5131-015,2023,5131,四川师范大学,心理学(师范),四川师范大学,心理学(网络心理与行为方向),608,44957.0,276,base
5131-015,2024,5131,四川师范大学,心理学(师范),四川师范大学,心理学(网络心理与行为方向),609,43810.0,291,base
5131-016,2024,5131,四川师范大学,数学与应用数学(师范),四川师范大学,数学与应用数学,582,72899.0,291,base
5131-019,2024,5131,四川师范大学,科学教育(师范),四川师范大学,科学教育,556,104036.0,291,base
5131-020,2023,5131,四川师范大学,化学(师范),四川师范大学,化学,602,50318.0,276,base
5131-020,2024,5131,四川师范大学,化学(师范),四川师范大学,化学,490,179351.0,291,base
5131-027,2023,5131,四川师范大学,英语(师范),四川师范大学,英语,617,36645.0,276,base
5131-027,2024,5131,四川师范大学,英语(师范),四川师范大学,英语,614,39608.0,291,base
5131-033,2023,5131,四川师范大学,物理学(师范),四川师范大学,物理学,610,42968.0,276,base
5131-033,2024,5131,四川师范大学,物理学(师范),四川师范大学,物理学,586,69141.0,291,base
5131-061,2024,5131,四川师范大学,网络工程(中外合作办学),四川师范大学,网络工程(网络安全方向),581,74559.0,291,base
5131-061,2025,5131,四川师范大学,网络工程(中外合作办学),四川师范大学,网络工程,583,71275.0,304,base
5131-062,2023,5131,四川师范大学,大数据管理与应用(中外合作办学),四川师范大学,大数据管理与应用,596,56508.0,276,base
5131-062,2024,5131,四川师范大学,大数据管理与应用(中外合作办学),四川师范大学,大数据管理与应用,591,63430.0,291,base
5131-062,2025,5131,四川师范大学,大数据管理与应用(中外合作办学),四川师范大学,大数据管理与应用,585,69148.0,304,base
5141-001,2023,5141,西南财经大学(“双一流”建设高校),数字经济(基础学科拔尖实验班),西南财经大学,数字经济,651,12106.0,278,base
5143-023,2023,5143,西南交通大学(“双一流”建设高校),建筑学(建筑学与大数据双学位),西南交通大学,建筑学,645,15458.0,278,base
5143-023,2024,5143,西南交通大学(“双一流”建设高校),建筑学(建筑学与大数据双学位),西南交通大学,建筑学,606,46874.0,293,base
5146-006,2023,5146,西南石油大学(“双一流”建设高校),自动化,西南石油大学,电气工程及其自动化,616,37181.0,279,contains_unique
5146-006,2024,5146,西南石油大学(“双一流”建设高校),自动化,西南石油大学,电气工程及其自动化,614,38993.0,294,contains_unique
5172-503,2025,5172,四川长江职业学院,具身智能机器人技术,四川长江职业学院( 民办学校),智能机器人技术,268,,310,contains_unique
5188-508,2025,5188,泸州医疗器械职业学院,药学,泸州医疗器械职业学院( 民办学校),移动应用开发药学,426,239575.0,313,contains_unique
5204-008,2023,5204,贵州医科大学,药学,贵州医科大学,药学(中外合作办学),560,95762.0,283,base
5204-008,2024,5204,贵州医科大学,药学,贵州医科大学,药学(中外合作办学),486,183658.0,300,base
5204-008,2025,5204,贵州医科大学,药学,贵州医科大学,药学(中外合作办学),501,170916.0,314,base
5206-004,2023,5206,贵州中医药大学,药学,贵州中医药大学,中药学,571,83001.0,283,contains_unique
5210-012,2023,5210,贵州大学(“双一流”建设高校),自动化,贵州大学,机械设计制造及其自动化(中外合作办学),597,55038.0,284,contains_unique
5210-012,2024,5210,贵州大学(“双一流”建设高校),自动化,贵州大学,机械设计制造及其自动化(中外合作办学),599,54918.0,300,contains_unique
5223-001,2023,5223,贵州师范大学,旅游管理(3+1),贵州师范大学,旅游管理,527,132861.0,284,base
5223-002,2023,5223,贵州师范大学,计算机科学与技术(3+1),贵州师范大学,计算机科学与技术,538,120259.0,284,base
5304-003,2023,5304,昆明理工大学,智能采矿工程,昆明理工大学,采矿工程,566,88508.0,285,contains_unique
5304-003,2024,5304,昆明理工大学,智能采矿工程,昆明理工大学,采矿工程,540,122674.0,302,contains_unique
5304-003,2025,5304,昆明理工大学,智能采矿工程,昆明理工大学,采矿工程,547,115798.0,317,contains_unique
5304-007,2024,5304,昆明理工大学,机械工程(维德创新),昆明理工大学,机械工程(维德创新班),595,58839.0,302,base
5304-007,2025,5304,昆明理工大学,机械工程(维德创新),昆明理工大学,机械工程(维德创新班),596,56136.0,317,base
5304-016,2025,5304,昆明理工大学,环境工程(环工学院培养),昆明理工大学,环境工程(拔尖班),574,83171.0,317,base
5304-035,2023,5304,昆明理工大学,矿物加工工程(拔尖),昆明理工大学,矿物加工工程,573,80512.0,285,base
5304-035,2024,5304,昆明理工大学,矿物加工工程(拔尖),昆明理工大学,矿物加工工程,510,157266.0,302,base
5304-035,2025,5304,昆明理工大学,矿物加工工程(拔尖),昆明理工大学,矿物加工工程,541,123097.0,317,base
5306-505,2023,5306,昆明冶金职业大学,电气自动化技术(中外合作办学)(中德),昆明冶金高等专科学校,电气自动化技术,438,218986.0,286,base
5306-505,2024,5306,昆明冶金职业大学,电气自动化技术(中外合作办学)(中德),昆明冶金高等专科学校,电气自动化技术,445,219754.0,303,base
5306-505,2025,5306,昆明冶金职业大学,电气自动化技术(中外合作办学)(中德),昆明冶金高等专科学校,电气自动化技术,452,220060.0,318,base
5306-506,2025,5306,昆明冶金职业大学,机电一体化技术(中外合作办学)(中加),昆明冶金高等专科学校,机电一体化技术,438,231184.0,318,base
5313-034,2023,5313,云南财经大学,应用统计学,云南财经大学,统计学,558,97141.0,287,contains_unique
5313-034,2024,5313,云南财经大学,应用统计学,云南财经大学,统计学,519,146879.0,304,contains_unique
5313-034,2025,5313,云南财经大学,应用统计学,云南财经大学,统计学,531,135429.0,319,contains_unique
5320-020,2023,5320,云南农业大学,土木工程(卓越工程师班),云南农业大学,土木工程,552,104471.0,289,base
5320-020,2024,5320,云南农业大学,土木工程(卓越工程师班),云南农业大学,土木工程,535,128844.0,306,base
5320-020,2025,5320,云南农业大学,土木工程(卓越工程师班),云南农业大学,土木工程,518,151077.0,321,base
5322-505,2023,5322,昆明城市学院,大数据与财务管理,昆明城市学院( 民办学校),财务管理,522,138375.0,289,contains_unique
5336-504,2025,5336,云南新兴职业学院,动物药学,云南新兴职业学院( 民办学校),药学,365,269624.0,323,contains_unique
6104-515,2023,6104,陕西交通职业技术学院,计算机网络技术(中外合作办学),陕西交通职业技术学院,计算机网络技术,498,164553.0,291,base
6104-516,2024,6104,陕西交通职业技术学院,软件技术(中外合作办学),陕西交通职业技术学院,软件技术,475,194633.0,309,base
6104-516,2025,6104,陕西交通职业技术学院,软件技术(中外合作办学),陕西交通职业技术学院,软件技术,475,199504.0,325,base
6105-015,2023,6105,陕西科技大学,自动化(中外合作办学),陕西科技大学,机械设计制造及其自动化(中外合作办学),572,81722.0,291,contains_unique
6107-018,2023,6107,陕西理工大学,电气工程及其自动化,陕西理工大学,电气工程及其自动化(中外合作办学),526,133351.0,292,base
6107-018,2024,6107,陕西理工大学,电气工程及其自动化,陕西理工大学,电气工程及其自动化(中外合作办学),519,146784.0,310,base
6107-018,2025,6107,陕西理工大学,电气工程及其自动化,陕西理工大学,自动化,573,83406.0,326,contains_unique
6107-021,2023,6107,陕西理工大学,化学工程与工艺,陕西理工大学,化学(师范),573,80889.0,292,contains_unique
6107-021,2024,6107,陕西理工大学,化学工程与工艺,陕西理工大学,化学(师范),497,172309.0,310,contains_unique
6107-021,2025,6107,陕西理工大学,化学工程与工艺,陕西理工大学,化学(师范),523,145088.0,326,contains_unique
6107-024,2023,6107,陕西理工大学,机械设计制造及其自动化,陕西理工大学,机械设计制造及其自动化(中外合作办学),502,159779.0,292,base
6107-024,2024,6107,陕西理工大学,机械设计制造及其自动化,陕西理工大学,机械设计制造及其自动化(中外合作办学),514,153472.0,310,base
6107-024,2025,6107,陕西理工大学,机械设计制造及其自动化,陕西理工大学,自动化,573,83406.0,326,contains_unique
6112-007,2024,6112,渭南师范学院,日语,渭南师范学院,日语(师范),565,93748.0,310,base
6112-007,2025,6112,渭南师范学院,日语,渭南师范学院,日语(师范),560,100180.0,326,base
6118-504,2025,6118,西安翻译学院,商务英语,西安翻译学院( 民办学校),英语,531,135792.0,327,contains_unique
6120-001,2024,6120,西安工业大学,电气工程及其自动化,西安工业大学,自动化(中外合作办学),587,67297.0,311,contains_unique
6120-007,2023,6120,西安工业大学,机械设计制造及其自动化,西安工业大学,机械设计制造及其自动化(中外合作办学),573,80820.0,293,base
6120-007,2024,6120,西安工业大学,机械设计制造及其自动化,西安工业大学,机械设计制造及其自动化(中外合作办学),572,84567.0,311,base
6123-005,2023,6123,西安航空学院,机械设计制造及其自动化(中外合作办学),西安航空学院,机械设计制造及其自动化,541,116223.0,293,base
6123-005,2024,6123,西安航空学院,机械设计制造及其自动化(中外合作办学),西安航空学院,自动化,535,128164.0,311,contains_unique
6123-005,2025,6123,西安航空学院,机械设计制造及其自动化(中外合作办学),西安航空学院,自动化,544,119858.0,328,contains_unique
6123-008,2025,6123,西安航空学院,信息与计算科学(中外合作办学),西安航空学院,信息与计算科学,512,158566.0,328,base
6125-004,2023,6125,西安建筑科技大学,机械设计制造及其自动化,西安建筑科技大学,自动化,607,45160.0,293,contains_unique
6125-004,2024,6125,西安建筑科技大学,机械设计制造及其自动化,西安建筑科技大学,自动化,602,51158.0,312,contains_unique
6125-004,2025,6125,西安建筑科技大学,机械设计制造及其自动化,西安建筑科技大学,自动化,599,53033.0,328,contains_unique
6125-016,2023,6125,西安建筑科技大学,智能建造(中外合作办学),西安建筑科技大学,智能建造,601,51261.0,293,base
6125-016,2024,6125,西安建筑科技大学,智能建造(中外合作办学),西安建筑科技大学,智能建造,578,77977.0,312,base
6125-016,2025,6125,西安建筑科技大学,智能建造(中外合作办学),西安建筑科技大学,智能建造,568,89995.0,328,base
6125-018,2023,6125,西安建筑科技大学,环境科学(中外合作办学),西安建筑科技大学,环境科学,573,80916.0,293,base
6125-018,2024,6125,西安建筑科技大学,环境科学(中外合作办学),西安建筑科技大学,环境科学,545,116646.0,312,base
6126-002,2023,6126,西安建筑科技大学华清学院,自动化,西安建筑科技大学华清学院( 独立学院),电气工程及其自动化,513,148466.0,294,contains_unique
6126-002,2024,6126,西安建筑科技大学华清学院,自动化,西安建筑科技大学华清学院( 独立学院),电气工程及其自动化,500,168498.0,312,contains_unique
6130-010,2023,6130,西安理工大学,电气工程及其自动化,西安理工大学,自动化,611,41468.0,294,contains_unique
6133-502,2023,6133,西安欧亚学院,大数据与财务管理,西安欧亚学院( 民办学校),财务管理,525,135088.0,295,contains_unique
6133-502,2024,6133,西安欧亚学院,大数据与财务管理,西安欧亚学院( 民办学校),财务管理,540,123191.0,314,contains_unique
6133-502,2025,6133,西安欧亚学院,大数据与财务管理,西安欧亚学院( 民办学校),财务管理,540,124696.0,330,contains_unique
6140-007,2023,6140,西安外事学院,日语,西安外事学院( 民办学校),应用日语,452,208455.0,296,contains_unique
6140-007,2024,6140,西安外事学院,日语,西安外事学院( 民办学校),应用日语,446,219374.0,315,contains_unique
6141-003,2023,6141,西安文理学院,英语,西安文理学院,英语(师范),567,88292.0,297,base
6141-003,2024,6141,西安文理学院,英语,西安文理学院,英语(师范),582,73897.0,315,base
6141-003,2025,6141,西安文理学院,英语,西安文理学院,英语(师范),572,85263.0,331,base
6141-004,2024,6141,西安文理学院,数学与应用数学,西安文理学院,数学与应用数学(师范),520,145577.0,315,base
6141-004,2025,6141,西安文理学院,数学与应用数学,西安文理学院,数学与应用数学(师范),524,144085.0,331,base
6143-015,2023,6143,西安邮电大学,信息工程(中外合作办学),西安邮电大学,电子信息工程,610,43048.0,297,contains_unique
6143-015,2024,6143,西安邮电大学,信息工程(中外合作办学),西安邮电大学,电子信息工程,609,44230.0,316,contains_unique
6144-020,2024,6144,西北大学(“双一流”建设高校),文物保护技术(中外合作办学),西北大学,文物保护技术,636,21182.0,316,base
6144-021,2025,6144,西北大学(“双一流”建设高校),金融数学(中外合作办学),西北大学,金融数学,626,26230.0,332,base
6146-010,2024,6146,西安明德理工学院,人工智能,西安明德理工学院( 民办学校),人工智能技术应用,419,237024.0,316,contains_unique
6146-010,2025,6146,西安明德理工学院,人工智能,西安明德理工学院( 民办学校),人工智能技术应用,422,241946.0,332,contains_unique
6147-017,2023,6147,西北农林科技大学(“双一流”建设高校),食品科学与工程,西北农林科技大学,食品科学与工程(中外合作办学),628,27236.0,298,base
6147-017,2024,6147,西北农林科技大学(“双一流”建设高校),食品科学与工程,西北农林科技大学,食品科学与工程(中外合作办学),621,32641.0,317,base
6147-017,2025,6147,西北农林科技大学(“双一流”建设高校),食品科学与工程,西北农林科技大学,食品科学与工程(中外合作办学),619,32116.0,333,base
6147-018,2023,6147,西北农林科技大学(“双一流”建设高校),食品营养与健康,西北农林科技大学,食品营养与健康(卓越班),643,16481.0,298,base
6147-018,2024,6147,西北农林科技大学(“双一流”建设高校),食品营养与健康,西北农林科技大学,食品营养与健康(卓越班),641,17366.0,317,base
6147-018,2025,6147,西北农林科技大学(“双一流”建设高校),食品营养与健康,西北农林科技大学,食品营养与健康(卓越班),634,20491.0,333,base
6150-005,2023,6150,咸阳师范学院,财务管理,咸阳师范学院,财务管理(师范),562,93584.0,298,base
6150-005,2024,6150,咸阳师范学院,财务管理,咸阳师范学院,财务管理(师范),575,81795.0,317,base
6152-504,2023,6152,陕西国际商贸学院,中药学,陕西国际商贸学院( 民办学校),药学,439,218176.0,299,contains_unique
6152-504,2025,6152,陕西国际商贸学院,中药学,陕西国际商贸学院( 民办学校),药学,398,255245.0,333,contains_unique
6156-003,2023,6156,商洛学院,电气工程及其自动化,商洛学院,电气工程及其自动化(中外合作办学),534,124343.0,299,base
6156-003,2024,6156,商洛学院,电气工程及其自动化,商洛学院,电气工程及其自动化(中外合作办学),522,143312.0,318,base
6156-003,2025,6156,商洛学院,电气工程及其自动化,商洛学院,电气工程及其自动化(中外合作办学),523,144712.0,334,base
6204-023,2025,6204,兰州大学(“双一流”建设高校),应用物理学(原子核物理方向基地班),兰州大学,物理学(量子科技创新班),647,12493.0,335,contains_unique
6209-021,2023,6209,兰州财经大学,商务经济学,兰州财经大学,经济学,564,90570.0,302,contains_unique
6209-021,2024,6209,兰州财经大学,商务经济学,兰州财经大学,经济学,582,73687.0,321,contains_unique
6209-021,2025,6209,兰州财经大学,商务经济学,兰州财经大学,经济学,571,86916.0,337,contains_unique
6213-003,2023,6213,天水师范大学,化学(师范),天水师范学院,应用化学,540,117400.0,302,contains_unique
6215-017,2024,6215,西北师范大学,计算机科学与技术(卓越工程师),西北师范大学,计算机科学与技术,563,95854.0,322,base
6215-017,2025,6215,西北师范大学,计算机科学与技术(卓越工程师),西北师范大学,计算机科学与技术,564,94433.0,338,base
6217-004,2023,6217,甘肃农业大学,园林,甘肃农业大学,风景园林,551,105924.0,303,contains_unique
6217-004,2024,6217,甘肃农业大学,园林,甘肃农业大学,风景园林,565,93145.0,322,contains_unique
6217-004,2025,6217,甘肃农业大学,园林,甘肃农业大学,风景园林,564,95038.0,338,contains_unique
6219-003,2023,6219,兰州石化职业技术大学,化工智能制造工程技术,兰州石化职业技术大学,智能制造工程技术,528,130873.0,303,contains_unique
6219-003,2024,6219,兰州石化职业技术大学,化工智能制造工程技术,兰州石化职业技术大学,智能制造工程技术,528,136377.0,322,contains_unique
6301-006,2023,6301,青海大学(“双一流”建设高校),生物技术(高原生物学菁英班),青海大学,生物技术,605,47624.0,305,base
6301-006,2024,6301,青海大学(“双一流”建设高校),生物技术(高原生物学菁英班),青海大学,生物技术,603,50142.0,324,base
6301-006,2025,6301,青海大学(“双一流”建设高校),生物技术(高原生物学菁英班),青海大学,生物技术,582,72577.0,340,base
6301-007,2024,6301,青海大学(“双一流”建设高校),生态学(高原生物学菁英班),青海大学,生态学,602,51873.0,324,base
6301-007,2025,6301,青海大学(“双一流”建设高校),生态学(高原生物学菁英班),青海大学,生态学,544,119066.0,340,base
6301-010,2023,6301,青海大学(“双一流”建设高校),材料成型及控制工程,青海大学,材料成型及控制工程(卓越工程师),603,49717.0,305,base
6301-010,2024,6301,青海大学(“双一流”建设高校),材料成型及控制工程,青海大学,材料成型及控制工程(卓越工程师),588,66404.0,324,base
6301-013,2023,6301,青海大学(“双一流”建设高校),新能源材料与器件(计算材料创新班),青海大学,新能源材料与器件,614,38634.0,305,base
6301-016,2023,6301,青海大学(“双一流”建设高校),自动化(对口支援高校联合培养班),青海大学,自动化,619,34412.0,305,base
6301-016,2024,6301,青海大学(“双一流”建设高校),自动化(对口支援高校联合培养班),青海大学,自动化,617,35940.0,324,base
6301-016,2025,6301,青海大学(“双一流”建设高校),自动化(对口支援高校联合培养班),青海大学,自动化,615,36093.0,340,base
6301-019,2023,6301,青海大学(“双一流”建设高校),土木工程,青海大学,土木工程(创新实验班),611,41460.0,305,base
6301-022,2023,6301,青海大学(“双一流”建设高校),测绘工程(智能测绘创新班),青海大学,测绘工程,602,49918.0,305,base
6301-022,2024,6301,青海大学(“双一流”建设高校),测绘工程(智能测绘创新班),青海大学,测绘工程,591,63340.0,324,base
6301-035,2023,6301,青海大学(“双一流”建设高校),草业科学(卓越草业师),青海大学,草业科学,620,33276.0,305,base
6301-035,2024,6301,青海大学(“双一流”建设高校),草业科学(卓越草业师),青海大学,草业科学,581,74347.0,324,base
6305-005,2024,6305,青海理工学院,电气工程及其自动化,青海理工学院,自动化,518,148196.0,324,contains_unique
6305-009,2024,6305,青海理工学院,地理空间信息工程,青海理工学院,信息工程,518,148737.0,324,contains_unique
6305-009,2025,6305,青海理工学院,地理空间信息工程,青海理工学院,信息工程,519,149752.0,341,contains_unique
6405-007,2023,6405,宁夏大学(“双一流”建设高校),机械工程(中外合作办学),宁夏大学,机械工程(卓越工程师),617,36239.0,305,base
6417-509,2023,6417,银川科技学院,计算机应用技术(创新实验班),银川科技学院( 民办学校),计算机应用技术,348,264467.0,306,base
6417-509,2024,6417,银川科技学院,计算机应用技术(创新实验班),银川科技学院( 民办学校),计算机应用技术,395,249929.0,326,base
6417-509,2025,6417,银川科技学院,计算机应用技术(创新实验班),银川科技学院( 民办学校),计算机应用技术,378,264529.0,342,base
6417-510,2023,6417,银川科技学院,大数据与财务管理(创新实验班),银川科技学院( 民办学校),大数据与财务管理,349,264083.0,306,base
6417-510,2024,6417,银川科技学院,大数据与财务管理(创新实验班),银川科技学院( 民办学校),大数据与财务管理,360,263613.0,326,base
6417-510,2025,6417,银川科技学院,大数据与财务管理(创新实验班),银川科技学院( 民办学校),大数据与财务管理,318,281515.0,342,base
6502-006,2023,6502,新疆财经大学,统计学,新疆财经大学,经济统计学,543,114174.0,307,contains_unique
6506-006,2023,6506,新疆工程学院,电气工程及其自动化,新疆工程学院,自动化,528,130806.0,308,contains_unique
6506-006,2024,6506,新疆工程学院,电气工程及其自动化,新疆工程学院,自动化,512,155560.0,328,contains_unique
6506-006,2025,6506,新疆工程学院,电气工程及其自动化,新疆工程学院,自动化,509,162490.0,345,contains_unique
6510-012,2023,6510,新疆第二医学院,中药学,新疆第二医学院,药学,548,109007.0,309,contains_unique
6524-521,2024,6524,喀什职业技术学院,中药学,喀什职业技术学院,药学,429,230729.0,330,contains_unique
9001-018,2023,9001,海军军医大学(“双一流”建设高校),中药学,海军军医大学,药学(药剂师),642,17389.0,124,contains_unique
